accession	message	sample_name	organism	isolate	collection_date	depth	env_broad_scale	env_local_scale	env_medium	geo_loc_name	isolation_source	lat_lon
SAMN18076448	Successfully loaded	DeMMO5_4	Cytophagales bacterium	DeMMO5_4	Apr-18	4850 feet	continental subsurface	Deep Mine Microbial Observatory	fracture fluid	USA: Sanford Underground Research Facility, Lead, SD	DeMMO	44.35 N 103.76 W
SAMN18076449	Successfully loaded	DeMMO5_48	Betaproteobacteria bacterium	DeMMO5_48	Apr-18	4850 feet	continental subsurface	Deep Mine Microbial Observatory	fracture fluid	USA: Sanford Underground Research Facility, Lead, SD	DeMMO	44.35 N 103.76 W
SAMN18076450	Successfully loaded	DeMMO5_57	Proteobacteria bacterium	DeMMO5_57	Apr-18	4850 feet	continental subsurface	Deep Mine Microbial Observatory	fracture fluid	USA: Sanford Underground Research Facility, Lead, SD	DeMMO	44.35 N 103.76 W
SAMN18076451	Successfully loaded	DeMMO5_46	Patescibacteria group bacterium	DeMMO5_46	Apr-18	4850 feet	continental subsurface	Deep Mine Microbial Observatory	fracture fluid	USA: Sanford Underground Research Facility, Lead, SD	DeMMO	44.35 N 103.76 W
SAMN18076452	Successfully loaded	DeMMO5_9	Candidatus Omnitrophica bacterium	DeMMO5_9	Apr-18	4850 feet	continental subsurface	Deep Mine Microbial Observatory	fracture fluid	USA: Sanford Underground Research Facility, Lead, SD	DeMMO	44.35 N 103.76 W
SAMN18076453	Successfully loaded	DeMMO5_54	Candidatus Thermoplasmatota archaeon	DeMMO5_54	Apr-18	4850 feet	continental subsurface	Deep Mine Microbial Observatory	fracture fluid	USA: Sanford Underground Research Facility, Lead, SD	DeMMO	44.35 N 103.76 W
SAMN18076454	Successfully loaded	DeMMO5_58	Actinobacteria bacterium	DeMMO5_58	Apr-18	4850 feet	continental subsurface	Deep Mine Microbial Observatory	fracture fluid	USA: Sanford Underground Research Facility, Lead, SD	DeMMO	44.35 N 103.76 W
SAMN18076455	Successfully loaded	DeMMO5_37	Candidatus Pacebacteria bacterium	DeMMO5_37	Apr-18	4850 feet	continental subsurface	Deep Mine Microbial Observatory	fracture fluid	USA: Sanford Underground Research Facility, Lead, SD	DeMMO	44.35 N 103.76 W
SAMN18076456	Successfully loaded	DeMMO5_24	Betaproteobacteria bacterium	DeMMO5_24	Apr-18	4850 feet	continental subsurface	Deep Mine Microbial Observatory	fracture fluid	USA: Sanford Underground Research Facility, Lead, SD	DeMMO	44.35 N 103.76 W
SAMN18076457	Successfully loaded	DeMMO5_34	Thermodesulfovibrionales bacterium	DeMMO5_34	Apr-18	4850 feet	continental subsurface	Deep Mine Microbial Observatory	fracture fluid	USA: Sanford Underground Research Facility, Lead, SD	DeMMO	44.35 N 103.76 W
SAMN18076458	Successfully loaded	DeMMO5_49	Reyranella sp.	DeMMO5_49	Apr-18	4850 feet	continental subsurface	Deep Mine Microbial Observatory	fracture fluid	USA: Sanford Underground Research Facility, Lead, SD	DeMMO	44.35 N 103.76 W
SAMN18076459	Successfully loaded	DeMMO5_55	Betaproteobacteria bacterium	DeMMO5_55	Apr-18	4850 feet	continental subsurface	Deep Mine Microbial Observatory	fracture fluid	USA: Sanford Underground Research Facility, Lead, SD	DeMMO	44.35 N 103.76 W
SAMN18076460	Successfully loaded	DeMMO5_10	Candidatus Eremiobacterales bacterium	DeMMO5_10	Apr-18	4850 feet	continental subsurface	Deep Mine Microbial Observatory	fracture fluid	USA: Sanford Underground Research Facility, Lead, SD	DeMMO	44.35 N 103.76 W
SAMN18076461	Successfully loaded	DeMMO5_53	Betaproteobacteria bacterium	DeMMO5_53	Apr-18	4850 feet	continental subsurface	Deep Mine Microbial Observatory	fracture fluid	USA: Sanford Underground Research Facility, Lead, SD	DeMMO	44.35 N 103.76 W
SAMN18076462	Successfully loaded	DeMMO5_8	Gemmatimonadetes bacterium	DeMMO5_8	Apr-18	4850 feet	continental subsurface	Deep Mine Microbial Observatory	fracture fluid	USA: Sanford Underground Research Facility, Lead, SD	DeMMO	44.35 N 103.76 W
SAMN18076463	Successfully loaded	DeMMO5_59	Actinobacteria bacterium	DeMMO5_59	Apr-18	4850 feet	continental subsurface	Deep Mine Microbial Observatory	fracture fluid	USA: Sanford Underground Research Facility, Lead, SD	DeMMO	44.35 N 103.76 W
SAMN18076464	Successfully loaded	DeMMO5_51	archaeon	DeMMO5_51	Apr-18	4850 feet	continental subsurface	Deep Mine Microbial Observatory	fracture fluid	USA: Sanford Underground Research Facility, Lead, SD	DeMMO	44.35 N 103.76 W
SAMN18076465	Successfully loaded	DeMMO5_18	Candidatus Pacebacteria bacterium	DeMMO5_18	Apr-18	4850 feet	continental subsurface	Deep Mine Microbial Observatory	fracture fluid	USA: Sanford Underground Research Facility, Lead, SD	DeMMO	44.35 N 103.76 W
SAMN18076466	Successfully loaded	DeMMO5_42	Endomicrobia bacterium	DeMMO5_42	Apr-18	4850 feet	continental subsurface	Deep Mine Microbial Observatory	fracture fluid	USA: Sanford Underground Research Facility, Lead, SD	DeMMO	44.35 N 103.76 W
SAMN18076467	Successfully loaded	DeMMO5_7	Firmicutes bacterium	DeMMO5_7	Apr-18	4850 feet	continental subsurface	Deep Mine Microbial Observatory	fracture fluid	USA: Sanford Underground Research Facility, Lead, SD	DeMMO	44.35 N 103.76 W
SAMN18076468	Successfully loaded	DeMMO5_36	Deltaproteobacteria bacterium	DeMMO5_36	Apr-18	4850 feet	continental subsurface	Deep Mine Microbial Observatory	fracture fluid	USA: Sanford Underground Research Facility, Lead, SD	DeMMO	44.35 N 103.76 W
SAMN18076469	Successfully loaded	DeMMO5_12	Candidatus Brocadiae bacterium	DeMMO5_12	Apr-18	4850 feet	continental subsurface	Deep Mine Microbial Observatory	fracture fluid	USA: Sanford Underground Research Facility, Lead, SD	DeMMO	44.35 N 103.76 W
SAMN18076470	Successfully loaded	DeMMO5_30	bacterium	DeMMO5_30	Apr-18	4850 feet	continental subsurface	Deep Mine Microbial Observatory	fracture fluid	USA: Sanford Underground Research Facility, Lead, SD	DeMMO	44.35 N 103.76 W
SAMN18076471	Successfully loaded	DeMMO5_14	Candidatus Omnitrophica bacterium	DeMMO5_14	Apr-18	4850 feet	continental subsurface	Deep Mine Microbial Observatory	fracture fluid	USA: Sanford Underground Research Facility, Lead, SD	DeMMO	44.35 N 103.76 W
SAMN18076472	Successfully loaded	DeMMO5_15	Candidatus Omnitrophica bacterium	DeMMO5_15	Apr-18	4850 feet	continental subsurface	Deep Mine Microbial Observatory	fracture fluid	USA: Sanford Underground Research Facility, Lead, SD	DeMMO	44.35 N 103.76 W
SAMN18076473	Successfully loaded	DeMMO5_22	Parcubacteria group bacterium	DeMMO5_22	Apr-18	4850 feet	continental subsurface	Deep Mine Microbial Observatory	fracture fluid	USA: Sanford Underground Research Facility, Lead, SD	DeMMO	44.35 N 103.76 W
SAMN18076474	Successfully loaded	DeMMO5_43	Candidatus Pacebacteria bacterium	DeMMO5_43	Apr-18	4850 feet	continental subsurface	Deep Mine Microbial Observatory	fracture fluid	USA: Sanford Underground Research Facility, Lead, SD	DeMMO	44.35 N 103.76 W
SAMN18076475	Successfully loaded	DeMMO5_23	Betaproteobacteria bacterium	DeMMO5_23	Apr-18	4850 feet	continental subsurface	Deep Mine Microbial Observatory	fracture fluid	USA: Sanford Underground Research Facility, Lead, SD	DeMMO	44.35 N 103.76 W
SAMN18076476	Successfully loaded	DeMMO5_45	bacterium	DeMMO5_45	Apr-18	4850 feet	continental subsurface	Deep Mine Microbial Observatory	fracture fluid	USA: Sanford Underground Research Facility, Lead, SD	DeMMO	44.35 N 103.76 W
SAMN18076477	Successfully loaded	DeMMO5_17	Proteobacteria bacterium	DeMMO5_17	Apr-18	4850 feet	continental subsurface	Deep Mine Microbial Observatory	fracture fluid	USA: Sanford Underground Research Facility, Lead, SD	DeMMO	44.35 N 103.76 W
SAMN18076478	Successfully loaded	DeMMO5_41	Candidatus Pacebacteria bacterium	DeMMO5_41	Apr-18	4850 feet	continental subsurface	Deep Mine Microbial Observatory	fracture fluid	USA: Sanford Underground Research Facility, Lead, SD	DeMMO	44.35 N 103.76 W
SAMN18076479	Successfully loaded	DeMMO5_56	Syntrophobacterales bacterium	DeMMO5_56	Apr-18	4850 feet	continental subsurface	Deep Mine Microbial Observatory	fracture fluid	USA: Sanford Underground Research Facility, Lead, SD	DeMMO	44.35 N 103.76 W
SAMN18076480	Successfully loaded	DeMMO5_39	Elusimicrobiales bacterium	DeMMO5_39	Apr-18	4850 feet	continental subsurface	Deep Mine Microbial Observatory	fracture fluid	USA: Sanford Underground Research Facility, Lead, SD	DeMMO	44.35 N 103.76 W
SAMN18076481	Successfully loaded	DeMMO5_26	Deltaproteobacteria bacterium	DeMMO5_26	Apr-18	4850 feet	continental subsurface	Deep Mine Microbial Observatory	fracture fluid	USA: Sanford Underground Research Facility, Lead, SD	DeMMO	44.35 N 103.76 W
SAMN18076482	Successfully loaded	DeMMO5_19	Deltaproteobacteria bacterium	DeMMO5_19	Apr-18	4850 feet	continental subsurface	Deep Mine Microbial Observatory	fracture fluid	USA: Sanford Underground Research Facility, Lead, SD	DeMMO	44.35 N 103.76 W
SAMN18076483	Successfully loaded	DeMMO5_47	Alphaproteobacteria bacterium	DeMMO5_47	Apr-18	4850 feet	continental subsurface	Deep Mine Microbial Observatory	fracture fluid	USA: Sanford Underground Research Facility, Lead, SD	DeMMO	44.35 N 103.76 W
SAMN18076484	Successfully loaded	DeMMO5_16	Candidatus Bipolaricaulis sp.	DeMMO5_16	Apr-18	4850 feet	continental subsurface	Deep Mine Microbial Observatory	fracture fluid	USA: Sanford Underground Research Facility, Lead, SD	DeMMO	44.35 N 103.76 W
SAMN18076485	Successfully loaded	DeMMO5_33	bacterium	DeMMO5_33	Apr-18	4850 feet	continental subsurface	Deep Mine Microbial Observatory	fracture fluid	USA: Sanford Underground Research Facility, Lead, SD	DeMMO	44.35 N 103.76 W
SAMN18076486	Successfully loaded	DeMMO5_44	archaeon	DeMMO5_44	Apr-18	4850 feet	continental subsurface	Deep Mine Microbial Observatory	fracture fluid	USA: Sanford Underground Research Facility, Lead, SD	DeMMO	44.35 N 103.76 W
SAMN18076487	Successfully loaded	DeMMO5_38	Firmicutes bacterium	DeMMO5_38	Apr-18	4850 feet	continental subsurface	Deep Mine Microbial Observatory	fracture fluid	USA: Sanford Underground Research Facility, Lead, SD	DeMMO	44.35 N 103.76 W
SAMN18076488	Successfully loaded	DeMMO5_3	Deltaproteobacteria bacterium	DeMMO5_3	Apr-18	4850 feet	continental subsurface	Deep Mine Microbial Observatory	fracture fluid	USA: Sanford Underground Research Facility, Lead, SD	DeMMO	44.35 N 103.76 W
SAMN18076489	Successfully loaded	DeMMO5_35	Thioalkalivibrio sp.	DeMMO5_35	Apr-18	4850 feet	continental subsurface	Deep Mine Microbial Observatory	fracture fluid	USA: Sanford Underground Research Facility, Lead, SD	DeMMO	44.35 N 103.76 W
SAMN18076490	Successfully loaded	DeMMO5_28	Deltaproteobacteria bacterium	DeMMO5_28	Apr-18	4850 feet	continental subsurface	Deep Mine Microbial Observatory	fracture fluid	USA: Sanford Underground Research Facility, Lead, SD	DeMMO	44.35 N 103.76 W
SAMN18076491	Successfully loaded	DeMMO5_2	Pseudomonadales bacterium	DeMMO5_2	Apr-18	4850 feet	continental subsurface	Deep Mine Microbial Observatory	fracture fluid	USA: Sanford Underground Research Facility, Lead, SD	DeMMO	44.35 N 103.76 W
SAMN18076492	Successfully loaded	DeMMO5_11	Thermodesulfovibrionales bacterium	DeMMO5_11	Apr-18	4850 feet	continental subsurface	Deep Mine Microbial Observatory	fracture fluid	USA: Sanford Underground Research Facility, Lead, SD	DeMMO	44.35 N 103.76 W
SAMN18076493	Successfully loaded	DeMMO5_27	Candidatus Didemnitutus sp.	DeMMO5_27	Apr-18	4850 feet	continental subsurface	Deep Mine Microbial Observatory	fracture fluid	USA: Sanford Underground Research Facility, Lead, SD	DeMMO	44.35 N 103.76 W
SAMN18076494	Successfully loaded	DeMMO5_32	Candidatus Methanoperedens sp.	DeMMO5_32	Apr-18	4850 feet	continental subsurface	Deep Mine Microbial Observatory	fracture fluid	USA: Sanford Underground Research Facility, Lead, SD	DeMMO	44.35 N 103.76 W
SAMN18076495	Successfully loaded	DeMMO5_13	Parvibaculum sp.	DeMMO5_13	Apr-18	4850 feet	continental subsurface	Deep Mine Microbial Observatory	fracture fluid	USA: Sanford Underground Research Facility, Lead, SD	DeMMO	44.35 N 103.76 W
SAMN18076496	Successfully loaded	DeMMO5_6	Ignavibacterium sp.	DeMMO5_6	Apr-18	4850 feet	continental subsurface	Deep Mine Microbial Observatory	fracture fluid	USA: Sanford Underground Research Facility, Lead, SD	DeMMO	44.35 N 103.76 W
SAMN18076497	Successfully loaded	DeMMO5_31	Parcubacteria group bacterium	DeMMO5_31	Apr-18	4850 feet	continental subsurface	Deep Mine Microbial Observatory	fracture fluid	USA: Sanford Underground Research Facility, Lead, SD	DeMMO	44.35 N 103.76 W
SAMN18076498	Successfully loaded	DeMMO5_1	Thermodesulfovibrionales bacterium	DeMMO5_1	Apr-18	4850 feet	continental subsurface	Deep Mine Microbial Observatory	fracture fluid	USA: Sanford Underground Research Facility, Lead, SD	DeMMO	44.35 N 103.76 W
SAMN18076499	Successfully loaded	DeMMO5_21	Patescibacteria group bacterium	DeMMO5_21	Apr-18	4850 feet	continental subsurface	Deep Mine Microbial Observatory	fracture fluid	USA: Sanford Underground Research Facility, Lead, SD	DeMMO	44.35 N 103.76 W
SAMN18076500	Successfully loaded	DeMMO5_40	Betaproteobacteria bacterium	DeMMO5_40	Apr-18	4850 feet	continental subsurface	Deep Mine Microbial Observatory	fracture fluid	USA: Sanford Underground Research Facility, Lead, SD	DeMMO	44.35 N 103.76 W
SAMN18076501	Successfully loaded	DeMMO5_50	Hadesarchaea archaeon	DeMMO5_50	Apr-18	4850 feet	continental subsurface	Deep Mine Microbial Observatory	fracture fluid	USA: Sanford Underground Research Facility, Lead, SD	DeMMO	44.35 N 103.76 W
SAMN18076502	Successfully loaded	DeMMO5_29	Deltaproteobacteria bacterium	DeMMO5_29	Apr-18	4850 feet	continental subsurface	Deep Mine Microbial Observatory	fracture fluid	USA: Sanford Underground Research Facility, Lead, SD	DeMMO	44.35 N 103.76 W
SAMN18076503	Successfully loaded	DeMMO5_52	Gammaproteobacteria bacterium	DeMMO5_52	Apr-18	4850 feet	continental subsurface	Deep Mine Microbial Observatory	fracture fluid	USA: Sanford Underground Research Facility, Lead, SD	DeMMO	44.35 N 103.76 W
SAMN18076504	Successfully loaded	DeMMO5_5	Actinobacteria bacterium	DeMMO5_5	Apr-18	4850 feet	continental subsurface	Deep Mine Microbial Observatory	fracture fluid	USA: Sanford Underground Research Facility, Lead, SD	DeMMO	44.35 N 103.76 W
SAMN18076505	Successfully loaded	DeMMO5_20	Candidatus Omnitrophica bacterium	DeMMO5_20	Apr-18	4850 feet	continental subsurface	Deep Mine Microbial Observatory	fracture fluid	USA: Sanford Underground Research Facility, Lead, SD	DeMMO	44.35 N 103.76 W
SAMN18076506	Successfully loaded	DeMMO5_25	Candidatus Omnitrophica bacterium	DeMMO5_25	Apr-18	4850 feet	continental subsurface	Deep Mine Microbial Observatory	fracture fluid	USA: Sanford Underground Research Facility, Lead, SD	DeMMO	44.35 N 103.76 W
SAMN18076507	Successfully loaded	DeMMO4_35	Parcubacteria group bacterium	DeMMO4_35	Apr-18	4100 feet	continental subsurface	Deep Mine Microbial Observatory	fracture fluid	USA: Sanford Underground Research Facility, Lead, SD	DeMMO	44.35 N 103.76 W
SAMN18076508	Successfully loaded	DeMMO4_37	Brevundimonas sp.	DeMMO4_37	Apr-18	4100 feet	continental subsurface	Deep Mine Microbial Observatory	fracture fluid	USA: Sanford Underground Research Facility, Lead, SD	DeMMO	44.35 N 103.76 W
SAMN18076509	Successfully loaded	DeMMO4_29	Candidatus Methanoperedens sp.	DeMMO4_29	Apr-18	4100 feet	continental subsurface	Deep Mine Microbial Observatory	fracture fluid	USA: Sanford Underground Research Facility, Lead, SD	DeMMO	44.35 N 103.76 W
SAMN18076510	Successfully loaded	DeMMO4_40	Anaerolineae bacterium	DeMMO4_40	Apr-18	4100 feet	continental subsurface	Deep Mine Microbial Observatory	fracture fluid	USA: Sanford Underground Research Facility, Lead, SD	DeMMO	44.35 N 103.76 W
SAMN18076511	Successfully loaded	DeMMO4_38	Betaproteobacteria bacterium	DeMMO4_38	Apr-18	4100 feet	continental subsurface	Deep Mine Microbial Observatory	fracture fluid	USA: Sanford Underground Research Facility, Lead, SD	DeMMO	44.35 N 103.76 W
SAMN18076512	Successfully loaded	DeMMO4_23	Candidatus Pacebacteria bacterium	DeMMO4_23	Apr-18	4100 feet	continental subsurface	Deep Mine Microbial Observatory	fracture fluid	USA: Sanford Underground Research Facility, Lead, SD	DeMMO	44.35 N 103.76 W
SAMN18076513	Successfully loaded	DeMMO4_33	Thermodesulfovibrionales bacterium	DeMMO4_33	Apr-18	4100 feet	continental subsurface	Deep Mine Microbial Observatory	fracture fluid	USA: Sanford Underground Research Facility, Lead, SD	DeMMO	44.35 N 103.76 W
SAMN18076514	Successfully loaded	DeMMO4_11	Thermodesulfovibrionales bacterium	DeMMO4_11	Apr-18	4100 feet	continental subsurface	Deep Mine Microbial Observatory	fracture fluid	USA: Sanford Underground Research Facility, Lead, SD	DeMMO	44.35 N 103.76 W
SAMN18076515	Successfully loaded	DeMMO4_26	Actinobacteria bacterium	DeMMO4_26	Apr-18	4100 feet	continental subsurface	Deep Mine Microbial Observatory	fracture fluid	USA: Sanford Underground Research Facility, Lead, SD	DeMMO	44.35 N 103.76 W
SAMN18076516	Successfully loaded	DeMMO4_18	Deltaproteobacteria bacterium	DeMMO4_18	Apr-18	4100 feet	continental subsurface	Deep Mine Microbial Observatory	fracture fluid	USA: Sanford Underground Research Facility, Lead, SD	DeMMO	44.35 N 103.76 W
SAMN18076517	Successfully loaded	DeMMO4_30	Parvibaculum sp.	DeMMO4_30	Apr-18	4100 feet	continental subsurface	Deep Mine Microbial Observatory	fracture fluid	USA: Sanford Underground Research Facility, Lead, SD	DeMMO	44.35 N 103.76 W
SAMN18076518	Successfully loaded	DeMMO4_2	Bacteroidales bacterium	DeMMO4_2	Apr-18	4100 feet	continental subsurface	Deep Mine Microbial Observatory	fracture fluid	USA: Sanford Underground Research Facility, Lead, SD	DeMMO	44.35 N 103.76 W
SAMN18076519	Successfully loaded	DeMMO4_43	Candidatus Omnitrophica bacterium	DeMMO4_43	Apr-18	4100 feet	continental subsurface	Deep Mine Microbial Observatory	fracture fluid	USA: Sanford Underground Research Facility, Lead, SD	DeMMO	44.35 N 103.76 W
SAMN18076520	Successfully loaded	DeMMO4_15	Candidatus Omnitrophica bacterium	DeMMO4_15	Apr-18	4100 feet	continental subsurface	Deep Mine Microbial Observatory	fracture fluid	USA: Sanford Underground Research Facility, Lead, SD	DeMMO	44.35 N 103.76 W
SAMN18076521	Successfully loaded	DeMMO4_4	Bacteroidetes bacterium	DeMMO4_4	Apr-18	4100 feet	continental subsurface	Deep Mine Microbial Observatory	fracture fluid	USA: Sanford Underground Research Facility, Lead, SD	DeMMO	44.35 N 103.76 W
SAMN18076522	Successfully loaded	DeMMO4_41	Acidovorax sp.	DeMMO4_41	Apr-18	4100 feet	continental subsurface	Deep Mine Microbial Observatory	fracture fluid	USA: Sanford Underground Research Facility, Lead, SD	DeMMO	44.35 N 103.76 W
SAMN18076523	Successfully loaded	DeMMO4_17	Sphingopyxis sp.	DeMMO4_17	Apr-18	4100 feet	continental subsurface	Deep Mine Microbial Observatory	fracture fluid	USA: Sanford Underground Research Facility, Lead, SD	DeMMO	44.35 N 103.76 W
SAMN18076524	Successfully loaded	DeMMO4_16	Candidatus Brocadiae bacterium	DeMMO4_16	Apr-18	4100 feet	continental subsurface	Deep Mine Microbial Observatory	fracture fluid	USA: Sanford Underground Research Facility, Lead, SD	DeMMO	44.35 N 103.76 W
SAMN18076525	Successfully loaded	DeMMO4_5	Ignavibacteriales bacterium	DeMMO4_5	Apr-18	4100 feet	continental subsurface	Deep Mine Microbial Observatory	fracture fluid	USA: Sanford Underground Research Facility, Lead, SD	DeMMO	44.35 N 103.76 W
SAMN18076526	Successfully loaded	DeMMO4_42	Reyranella sp.	DeMMO4_42	Apr-18	4100 feet	continental subsurface	Deep Mine Microbial Observatory	fracture fluid	USA: Sanford Underground Research Facility, Lead, SD	DeMMO	44.35 N 103.76 W
SAMN18076527	Successfully loaded	DeMMO4_10	bacterium	DeMMO4_10	Apr-18	4100 feet	continental subsurface	Deep Mine Microbial Observatory	fracture fluid	USA: Sanford Underground Research Facility, Lead, SD	DeMMO	44.35 N 103.76 W
SAMN18076528	Successfully loaded	DeMMO4_31	Elusimicrobiales bacterium	DeMMO4_31	Apr-18	4100 feet	continental subsurface	Deep Mine Microbial Observatory	fracture fluid	USA: Sanford Underground Research Facility, Lead, SD	DeMMO	44.35 N 103.76 W
SAMN18076529	Successfully loaded	DeMMO4_28	Candidatus Thermoplasmatota archaeon	DeMMO4_28	Apr-18	4100 feet	continental subsurface	Deep Mine Microbial Observatory	fracture fluid	USA: Sanford Underground Research Facility, Lead, SD	DeMMO	44.35 N 103.76 W
SAMN18076530	Successfully loaded	DeMMO4_8	Sphingopyxis sp.	DeMMO4_8	Apr-18	4100 feet	continental subsurface	Deep Mine Microbial Observatory	fracture fluid	USA: Sanford Underground Research Facility, Lead, SD	DeMMO	44.35 N 103.76 W
SAMN18076531	Successfully loaded	DeMMO4_34	Proteobacteria bacterium	DeMMO4_34	Apr-18	4100 feet	continental subsurface	Deep Mine Microbial Observatory	fracture fluid	USA: Sanford Underground Research Facility, Lead, SD	DeMMO	44.35 N 103.76 W
SAMN18076532	Successfully loaded	DeMMO4_21	Parcubacteria group bacterium	DeMMO4_21	Apr-18	4100 feet	continental subsurface	Deep Mine Microbial Observatory	fracture fluid	USA: Sanford Underground Research Facility, Lead, SD	DeMMO	44.35 N 103.76 W
SAMN18076533	Successfully loaded	DeMMO4_45	Brevundimonas sp.	DeMMO4_45	Apr-18	4100 feet	continental subsurface	Deep Mine Microbial Observatory	fracture fluid	USA: Sanford Underground Research Facility, Lead, SD	DeMMO	44.35 N 103.76 W
SAMN18076534	Successfully loaded	DeMMO4_39	Aquabacterium sp.	DeMMO4_39	Apr-18	4100 feet	continental subsurface	Deep Mine Microbial Observatory	fracture fluid	USA: Sanford Underground Research Facility, Lead, SD	DeMMO	44.35 N 103.76 W
SAMN18076535	Successfully loaded	DeMMO4_19	Betaproteobacteria bacterium	DeMMO4_19	Apr-18	4100 feet	continental subsurface	Deep Mine Microbial Observatory	fracture fluid	USA: Sanford Underground Research Facility, Lead, SD	DeMMO	44.35 N 103.76 W
SAMN18076536	Successfully loaded	DeMMO4_44	Reyranella sp.	DeMMO4_44	Apr-18	4100 feet	continental subsurface	Deep Mine Microbial Observatory	fracture fluid	USA: Sanford Underground Research Facility, Lead, SD	DeMMO	44.35 N 103.76 W
SAMN18076537	Successfully loaded	DeMMO4_25	Acidovorax sp.	DeMMO4_25	Apr-18	4100 feet	continental subsurface	Deep Mine Microbial Observatory	fracture fluid	USA: Sanford Underground Research Facility, Lead, SD	DeMMO	44.35 N 103.76 W
SAMN18076538	Successfully loaded	DeMMO4_24	Aquabacterium sp.	DeMMO4_24	Apr-18	4100 feet	continental subsurface	Deep Mine Microbial Observatory	fracture fluid	USA: Sanford Underground Research Facility, Lead, SD	DeMMO	44.35 N 103.76 W
SAMN18076539	Successfully loaded	DeMMO4_20	Patescibacteria group bacterium	DeMMO4_20	Apr-18	4100 feet	continental subsurface	Deep Mine Microbial Observatory	fracture fluid	USA: Sanford Underground Research Facility, Lead, SD	DeMMO	44.35 N 103.76 W
SAMN18076540	Successfully loaded	DeMMO4_1	Halothiobacillus sp.	DeMMO4_1	Apr-18	4100 feet	continental subsurface	Deep Mine Microbial Observatory	fracture fluid	USA: Sanford Underground Research Facility, Lead, SD	DeMMO	44.35 N 103.76 W
SAMN18076541	Successfully loaded	DeMMO4_7	Candidatus Omnitrophica bacterium	DeMMO4_7	Apr-18	4100 feet	continental subsurface	Deep Mine Microbial Observatory	fracture fluid	USA: Sanford Underground Research Facility, Lead, SD	DeMMO	44.35 N 103.76 W
SAMN18076542	Successfully loaded	DeMMO4_9	Hadesarchaea archaeon	DeMMO4_9	Apr-18	4100 feet	continental subsurface	Deep Mine Microbial Observatory	fracture fluid	USA: Sanford Underground Research Facility, Lead, SD	DeMMO	44.35 N 103.76 W
SAMN18076543	Successfully loaded	DeMMO4_22	Patescibacteria group bacterium	DeMMO4_22	Apr-18	4100 feet	continental subsurface	Deep Mine Microbial Observatory	fracture fluid	USA: Sanford Underground Research Facility, Lead, SD	DeMMO	44.35 N 103.76 W
SAMN18076544	Successfully loaded	DeMMO4_3	Betaproteobacteria bacterium	DeMMO4_3	Apr-18	4100 feet	continental subsurface	Deep Mine Microbial Observatory	fracture fluid	USA: Sanford Underground Research Facility, Lead, SD	DeMMO	44.35 N 103.76 W
SAMN18076545	Successfully loaded	DeMMO4_12	Aquabacterium sp.	DeMMO4_12	Apr-18	4100 feet	continental subsurface	Deep Mine Microbial Observatory	fracture fluid	USA: Sanford Underground Research Facility, Lead, SD	DeMMO	44.35 N 103.76 W
SAMN18076546	Successfully loaded	DeMMO4_32	Candidatus Pacebacteria bacterium	DeMMO4_32	Apr-18	4100 feet	continental subsurface	Deep Mine Microbial Observatory	fracture fluid	USA: Sanford Underground Research Facility, Lead, SD	DeMMO	44.35 N 103.76 W
SAMN18076547	Successfully loaded	DeMMO4_14	Candidatus Omnitrophica bacterium	DeMMO4_14	Apr-18	4100 feet	continental subsurface	Deep Mine Microbial Observatory	fracture fluid	USA: Sanford Underground Research Facility, Lead, SD	DeMMO	44.35 N 103.76 W
SAMN18076548	Successfully loaded	DeMMO4_27	Candidatus Thermoplasmatota archaeon	DeMMO4_27	Apr-18	4100 feet	continental subsurface	Deep Mine Microbial Observatory	fracture fluid	USA: Sanford Underground Research Facility, Lead, SD	DeMMO	44.35 N 103.76 W
SAMN18076549	Successfully loaded	DeMMO4_6	Gemmatimonadetes bacterium	DeMMO4_6	Apr-18	4100 feet	continental subsurface	Deep Mine Microbial Observatory	fracture fluid	USA: Sanford Underground Research Facility, Lead, SD	DeMMO	44.35 N 103.76 W
SAMN18076550	Successfully loaded	DeMMO4_13	Dechlorosoma suillum	DeMMO4_13	Apr-18	4100 feet	continental subsurface	Deep Mine Microbial Observatory	fracture fluid	USA: Sanford Underground Research Facility, Lead, SD	DeMMO	44.35 N 103.76 W
SAMN18076551	Successfully loaded	DeMMO4_36	Patescibacteria group bacterium	DeMMO4_36	Apr-18	4100 feet	continental subsurface	Deep Mine Microbial Observatory	fracture fluid	USA: Sanford Underground Research Facility, Lead, SD	DeMMO	44.35 N 103.76 W
SAMN18076552	Successfully loaded	DeMMO6_33	Anaerolineales bacterium	DeMMO6_33	Apr-18	4850 feet	continental subsurface	Deep Mine Microbial Observatory	fracture fluid	USA: Sanford Underground Research Facility, Lead, SD	DeMMO	44.35 N 103.76 W
SAMN18076553	Successfully loaded	DeMMO6_2	Ignavibacteriales bacterium	DeMMO6_2	Apr-18	4850 feet	continental subsurface	Deep Mine Microbial Observatory	fracture fluid	USA: Sanford Underground Research Facility, Lead, SD	DeMMO	44.35 N 103.76 W
SAMN18076554	Successfully loaded	DeMMO6_35	bacterium	DeMMO6_35	Apr-18	4850 feet	continental subsurface	Deep Mine Microbial Observatory	fracture fluid	USA: Sanford Underground Research Facility, Lead, SD	DeMMO	44.35 N 103.76 W
SAMN18076555	Successfully loaded	DeMMO6_77	Proteobacteria bacterium	DeMMO6_77	Apr-18	4850 feet	continental subsurface	Deep Mine Microbial Observatory	fracture fluid	USA: Sanford Underground Research Facility, Lead, SD	DeMMO	44.35 N 103.76 W
SAMN18076556	Successfully loaded	DeMMO6_79	Desulfarculales bacterium	DeMMO6_79	Apr-18	4850 feet	continental subsurface	Deep Mine Microbial Observatory	fracture fluid	USA: Sanford Underground Research Facility, Lead, SD	DeMMO	44.35 N 103.76 W
SAMN18076557	Successfully loaded	DeMMO6_3	Ignavibacteriales bacterium	DeMMO6_3	Apr-18	4850 feet	continental subsurface	Deep Mine Microbial Observatory	fracture fluid	USA: Sanford Underground Research Facility, Lead, SD	DeMMO	44.35 N 103.76 W
SAMN18076558	Successfully loaded	DeMMO6_94	Deltaproteobacteria bacterium	DeMMO6_94	Apr-18	4850 feet	continental subsurface	Deep Mine Microbial Observatory	fracture fluid	USA: Sanford Underground Research Facility, Lead, SD	DeMMO	44.35 N 103.76 W
SAMN18076559	Successfully loaded	DeMMO6_63	Candidatus Woesebacteria bacterium	DeMMO6_63	Apr-18	4850 feet	continental subsurface	Deep Mine Microbial Observatory	fracture fluid	USA: Sanford Underground Research Facility, Lead, SD	DeMMO	44.35 N 103.76 W
SAMN18076560	Successfully loaded	DeMMO6_69	Anaerolineales bacterium	DeMMO6_69	Apr-18	4850 feet	continental subsurface	Deep Mine Microbial Observatory	fracture fluid	USA: Sanford Underground Research Facility, Lead, SD	DeMMO	44.35 N 103.76 W
SAMN18076561	Successfully loaded	DeMMO6_62	Proteobacteria bacterium	DeMMO6_62	Apr-18	4850 feet	continental subsurface	Deep Mine Microbial Observatory	fracture fluid	USA: Sanford Underground Research Facility, Lead, SD	DeMMO	44.35 N 103.76 W
SAMN18076562	Successfully loaded	DeMMO6_91	Deltaproteobacteria bacterium	DeMMO6_91	Apr-18	4850 feet	continental subsurface	Deep Mine Microbial Observatory	fracture fluid	USA: Sanford Underground Research Facility, Lead, SD	DeMMO	44.35 N 103.76 W
SAMN18076563	Successfully loaded	DeMMO6_53	Betaproteobacteria bacterium	DeMMO6_53	Apr-18	4850 feet	continental subsurface	Deep Mine Microbial Observatory	fracture fluid	USA: Sanford Underground Research Facility, Lead, SD	DeMMO	44.35 N 103.76 W
SAMN18076564	Successfully loaded	DeMMO6_49	Deltaproteobacteria bacterium	DeMMO6_49	Apr-18	4850 feet	continental subsurface	Deep Mine Microbial Observatory	fracture fluid	USA: Sanford Underground Research Facility, Lead, SD	DeMMO	44.35 N 103.76 W
SAMN18076565	Successfully loaded	DeMMO6_80	Proteobacteria bacterium	DeMMO6_80	Apr-18	4850 feet	continental subsurface	Deep Mine Microbial Observatory	fracture fluid	USA: Sanford Underground Research Facility, Lead, SD	DeMMO	44.35 N 103.76 W
SAMN18076566	Successfully loaded	DeMMO6_39	Candidatus Shapirobacteria bacterium	DeMMO6_39	Apr-18	4850 feet	continental subsurface	Deep Mine Microbial Observatory	fracture fluid	USA: Sanford Underground Research Facility, Lead, SD	DeMMO	44.35 N 103.76 W
SAMN18076567	Successfully loaded	DeMMO6_89	Chloroflexi bacterium	DeMMO6_89	Apr-18	4850 feet	continental subsurface	Deep Mine Microbial Observatory	fracture fluid	USA: Sanford Underground Research Facility, Lead, SD	DeMMO	44.35 N 103.76 W
SAMN18076568	Successfully loaded	DeMMO6_30	bacterium	DeMMO6_30	Apr-18	4850 feet	continental subsurface	Deep Mine Microbial Observatory	fracture fluid	USA: Sanford Underground Research Facility, Lead, SD	DeMMO	44.35 N 103.76 W
SAMN18076569	Successfully loaded	DeMMO6_61	Anaerolineales bacterium	DeMMO6_61	Apr-18	4850 feet	continental subsurface	Deep Mine Microbial Observatory	fracture fluid	USA: Sanford Underground Research Facility, Lead, SD	DeMMO	44.35 N 103.76 W
SAMN18076570	Successfully loaded	DeMMO6_27	Anaerolineales bacterium	DeMMO6_27	Apr-18	4850 feet	continental subsurface	Deep Mine Microbial Observatory	fracture fluid	USA: Sanford Underground Research Facility, Lead, SD	DeMMO	44.35 N 103.76 W
SAMN18076571	Successfully loaded	DeMMO6_86	Ignavibacteriales bacterium	DeMMO6_86	Apr-18	4850 feet	continental subsurface	Deep Mine Microbial Observatory	fracture fluid	USA: Sanford Underground Research Facility, Lead, SD	DeMMO	44.35 N 103.76 W
SAMN18076572	Successfully loaded	DeMMO6_97	Anaerolineales bacterium	DeMMO6_97	Apr-18	4850 feet	continental subsurface	Deep Mine Microbial Observatory	fracture fluid	USA: Sanford Underground Research Facility, Lead, SD	DeMMO	44.35 N 103.76 W
SAMN18076573	Successfully loaded	DeMMO6_5	bacterium	DeMMO6_5	Apr-18	4850 feet	continental subsurface	Deep Mine Microbial Observatory	fracture fluid	USA: Sanford Underground Research Facility, Lead, SD	DeMMO	44.35 N 103.76 W
SAMN18076574	Successfully loaded	DeMMO6_47	Patescibacteria group bacterium	DeMMO6_47	Apr-18	4850 feet	continental subsurface	Deep Mine Microbial Observatory	fracture fluid	USA: Sanford Underground Research Facility, Lead, SD	DeMMO	44.35 N 103.76 W
SAMN18076575	Successfully loaded	DeMMO6_70	Anaerolineales bacterium	DeMMO6_70	Apr-18	4850 feet	continental subsurface	Deep Mine Microbial Observatory	fracture fluid	USA: Sanford Underground Research Facility, Lead, SD	DeMMO	44.35 N 103.76 W
SAMN18076576	Successfully loaded	DeMMO6_90	Deferrisomatales bacterium	DeMMO6_90	Apr-18	4850 feet	continental subsurface	Deep Mine Microbial Observatory	fracture fluid	USA: Sanford Underground Research Facility, Lead, SD	DeMMO	44.35 N 103.76 W
SAMN18076577	Successfully loaded	DeMMO6_82	Firmicutes bacterium	DeMMO6_82	Apr-18	4850 feet	continental subsurface	Deep Mine Microbial Observatory	fracture fluid	USA: Sanford Underground Research Facility, Lead, SD	DeMMO	44.35 N 103.76 W
SAMN18076578	Successfully loaded	DeMMO6_84	Desulfarculales bacterium	DeMMO6_84	Apr-18	4850 feet	continental subsurface	Deep Mine Microbial Observatory	fracture fluid	USA: Sanford Underground Research Facility, Lead, SD	DeMMO	44.35 N 103.76 W
SAMN18076579	Successfully loaded	DeMMO6_98	Anaerolineae bacterium	DeMMO6_98	Apr-18	4850 feet	continental subsurface	Deep Mine Microbial Observatory	fracture fluid	USA: Sanford Underground Research Facility, Lead, SD	DeMMO	44.35 N 103.76 W
SAMN18076580	Successfully loaded	DeMMO6_60	Anaerolineales bacterium	DeMMO6_60	Apr-18	4850 feet	continental subsurface	Deep Mine Microbial Observatory	fracture fluid	USA: Sanford Underground Research Facility, Lead, SD	DeMMO	44.35 N 103.76 W
SAMN18076581	Successfully loaded	DeMMO6_83	Anaerolineales bacterium	DeMMO6_83	Apr-18	4850 feet	continental subsurface	Deep Mine Microbial Observatory	fracture fluid	USA: Sanford Underground Research Facility, Lead, SD	DeMMO	44.35 N 103.76 W
SAMN18076582	Successfully loaded	DeMMO6_48	candidate division Zixibacteria bacterium	DeMMO6_48	Apr-18	4850 feet	continental subsurface	Deep Mine Microbial Observatory	fracture fluid	USA: Sanford Underground Research Facility, Lead, SD	DeMMO	44.35 N 103.76 W
SAMN18076583	Successfully loaded	DeMMO6_59	Candidatus Woesebacteria bacterium	DeMMO6_59	Apr-18	4850 feet	continental subsurface	Deep Mine Microbial Observatory	fracture fluid	USA: Sanford Underground Research Facility, Lead, SD	DeMMO	44.35 N 103.76 W
SAMN18076584	Successfully loaded	DeMMO6_52	bacterium	DeMMO6_52	Apr-18	4850 feet	continental subsurface	Deep Mine Microbial Observatory	fracture fluid	USA: Sanford Underground Research Facility, Lead, SD	DeMMO	44.35 N 103.76 W
SAMN18076585	Successfully loaded	DeMMO6_18	Deltaproteobacteria bacterium	DeMMO6_18	Apr-18	4850 feet	continental subsurface	Deep Mine Microbial Observatory	fracture fluid	USA: Sanford Underground Research Facility, Lead, SD	DeMMO	44.35 N 103.76 W
SAMN18076586	Successfully loaded	DeMMO6_22	Armatimonadetes bacterium	DeMMO6_22	Apr-18	4850 feet	continental subsurface	Deep Mine Microbial Observatory	fracture fluid	USA: Sanford Underground Research Facility, Lead, SD	DeMMO	44.35 N 103.76 W
SAMN18076587	Successfully loaded	DeMMO6_88	Proteobacteria bacterium	DeMMO6_88	Apr-18	4850 feet	continental subsurface	Deep Mine Microbial Observatory	fracture fluid	USA: Sanford Underground Research Facility, Lead, SD	DeMMO	44.35 N 103.76 W
SAMN18076588	Successfully loaded	DeMMO6_4	Candidatus Omnitrophica bacterium	DeMMO6_4	Apr-18	4850 feet	continental subsurface	Deep Mine Microbial Observatory	fracture fluid	USA: Sanford Underground Research Facility, Lead, SD	DeMMO	44.35 N 103.76 W
SAMN18076589	Successfully loaded	DeMMO6_1	Planctomycetes bacterium	DeMMO6_1	Apr-18	4850 feet	continental subsurface	Deep Mine Microbial Observatory	fracture fluid	USA: Sanford Underground Research Facility, Lead, SD	DeMMO	44.35 N 103.76 W
SAMN18076590	Successfully loaded	DeMMO6_73	Phycisphaerae bacterium	DeMMO6_73	Apr-18	4850 feet	continental subsurface	Deep Mine Microbial Observatory	fracture fluid	USA: Sanford Underground Research Facility, Lead, SD	DeMMO	44.35 N 103.76 W
SAMN18076591	Successfully loaded	DeMMO6_85	Anaerolineales bacterium	DeMMO6_85	Apr-18	4850 feet	continental subsurface	Deep Mine Microbial Observatory	fracture fluid	USA: Sanford Underground Research Facility, Lead, SD	DeMMO	44.35 N 103.76 W
SAMN18076592	Successfully loaded	DeMMO6_23	Candidatus Omnitrophica bacterium	DeMMO6_23	Apr-18	4850 feet	continental subsurface	Deep Mine Microbial Observatory	fracture fluid	USA: Sanford Underground Research Facility, Lead, SD	DeMMO	44.35 N 103.76 W
SAMN18076593	Successfully loaded	DeMMO6_15	Anaerolineales bacterium	DeMMO6_15	Apr-18	4850 feet	continental subsurface	Deep Mine Microbial Observatory	fracture fluid	USA: Sanford Underground Research Facility, Lead, SD	DeMMO	44.35 N 103.76 W
SAMN18076594	Successfully loaded	DeMMO6_87	Anaerolineales bacterium	DeMMO6_87	Apr-18	4850 feet	continental subsurface	Deep Mine Microbial Observatory	fracture fluid	USA: Sanford Underground Research Facility, Lead, SD	DeMMO	44.35 N 103.76 W
SAMN18076595	Successfully loaded	DeMMO6_58	Phycisphaerae bacterium	DeMMO6_58	Apr-18	4850 feet	continental subsurface	Deep Mine Microbial Observatory	fracture fluid	USA: Sanford Underground Research Facility, Lead, SD	DeMMO	44.35 N 103.76 W
SAMN18076596	Successfully loaded	DeMMO6_25	Desulfovibrio sp.	DeMMO6_25	Apr-18	4850 feet	continental subsurface	Deep Mine Microbial Observatory	fracture fluid	USA: Sanford Underground Research Facility, Lead, SD	DeMMO	44.35 N 103.76 W
SAMN18076597	Successfully loaded	DeMMO6_78	Candidatus Shapirobacteria bacterium	DeMMO6_78	Apr-18	4850 feet	continental subsurface	Deep Mine Microbial Observatory	fracture fluid	USA: Sanford Underground Research Facility, Lead, SD	DeMMO	44.35 N 103.76 W
SAMN18076598	Successfully loaded	DeMMO6_31	bacterium	DeMMO6_31	Apr-18	4850 feet	continental subsurface	Deep Mine Microbial Observatory	fracture fluid	USA: Sanford Underground Research Facility, Lead, SD	DeMMO	44.35 N 103.76 W
SAMN18076599	Successfully loaded	DeMMO6_9	Bacteroidales bacterium	DeMMO6_9	Apr-18	4850 feet	continental subsurface	Deep Mine Microbial Observatory	fracture fluid	USA: Sanford Underground Research Facility, Lead, SD	DeMMO	44.35 N 103.76 W
SAMN18076600	Successfully loaded	DeMMO6_16	Anaerolineales bacterium	DeMMO6_16	Apr-18	4850 feet	continental subsurface	Deep Mine Microbial Observatory	fracture fluid	USA: Sanford Underground Research Facility, Lead, SD	DeMMO	44.35 N 103.76 W
SAMN18076601	Successfully loaded	DeMMO6_37	Dehalococcoidales bacterium	DeMMO6_37	Apr-18	4850 feet	continental subsurface	Deep Mine Microbial Observatory	fracture fluid	USA: Sanford Underground Research Facility, Lead, SD	DeMMO	44.35 N 103.76 W
SAMN18076602	Successfully loaded	DeMMO6_43	Anaerolineales bacterium	DeMMO6_43	Apr-18	4850 feet	continental subsurface	Deep Mine Microbial Observatory	fracture fluid	USA: Sanford Underground Research Facility, Lead, SD	DeMMO	44.35 N 103.76 W
SAMN18076603	Successfully loaded	DeMMO6_57	Candidatus Woesebacteria bacterium	DeMMO6_57	Apr-18	4850 feet	continental subsurface	Deep Mine Microbial Observatory	fracture fluid	USA: Sanford Underground Research Facility, Lead, SD	DeMMO	44.35 N 103.76 W
SAMN18076604	Successfully loaded	DeMMO6_19	Firmicutes bacterium	DeMMO6_19	Apr-18	4850 feet	continental subsurface	Deep Mine Microbial Observatory	fracture fluid	USA: Sanford Underground Research Facility, Lead, SD	DeMMO	44.35 N 103.76 W
SAMN18076605	Successfully loaded	DeMMO6_68	Deltaproteobacteria bacterium	DeMMO6_68	Apr-18	4850 feet	continental subsurface	Deep Mine Microbial Observatory	fracture fluid	USA: Sanford Underground Research Facility, Lead, SD	DeMMO	44.35 N 103.76 W
SAMN18076606	Successfully loaded	DeMMO6_13	Syntrophobacterales bacterium	DeMMO6_13	Apr-18	4850 feet	continental subsurface	Deep Mine Microbial Observatory	fracture fluid	USA: Sanford Underground Research Facility, Lead, SD	DeMMO	44.35 N 103.76 W
SAMN18076607	Successfully loaded	DeMMO6_28	Ignavibacteriales bacterium	DeMMO6_28	Apr-18	4850 feet	continental subsurface	Deep Mine Microbial Observatory	fracture fluid	USA: Sanford Underground Research Facility, Lead, SD	DeMMO	44.35 N 103.76 W
SAMN18076608	Successfully loaded	DeMMO6_42	Gemmatimonadetes bacterium	DeMMO6_42	Apr-18	4850 feet	continental subsurface	Deep Mine Microbial Observatory	fracture fluid	USA: Sanford Underground Research Facility, Lead, SD	DeMMO	44.35 N 103.76 W
SAMN18076609	Successfully loaded	DeMMO6_20	Desulfobacterales bacterium	DeMMO6_20	Apr-18	4850 feet	continental subsurface	Deep Mine Microbial Observatory	fracture fluid	USA: Sanford Underground Research Facility, Lead, SD	DeMMO	44.35 N 103.76 W
SAMN18076610	Successfully loaded	DeMMO6_8	Actinobacteria bacterium	DeMMO6_8	Apr-18	4850 feet	continental subsurface	Deep Mine Microbial Observatory	fracture fluid	USA: Sanford Underground Research Facility, Lead, SD	DeMMO	44.35 N 103.76 W
SAMN18076611	Successfully loaded	DeMMO6_51	Proteobacteria bacterium	DeMMO6_51	Apr-18	4850 feet	continental subsurface	Deep Mine Microbial Observatory	fracture fluid	USA: Sanford Underground Research Facility, Lead, SD	DeMMO	44.35 N 103.76 W
SAMN18076612	Successfully loaded	DeMMO6_75	Desulfovibrionales bacterium	DeMMO6_75	Apr-18	4850 feet	continental subsurface	Deep Mine Microbial Observatory	fracture fluid	USA: Sanford Underground Research Facility, Lead, SD	DeMMO	44.35 N 103.76 W
SAMN18076613	Successfully loaded	DeMMO6_11	Anaerolineales bacterium	DeMMO6_11	Apr-18	4850 feet	continental subsurface	Deep Mine Microbial Observatory	fracture fluid	USA: Sanford Underground Research Facility, Lead, SD	DeMMO	44.35 N 103.76 W
SAMN18076614	Successfully loaded	DeMMO6_6	Deltaproteobacteria bacterium	DeMMO6_6	Apr-18	4850 feet	continental subsurface	Deep Mine Microbial Observatory	fracture fluid	USA: Sanford Underground Research Facility, Lead, SD	DeMMO	44.35 N 103.76 W
SAMN18076615	Successfully loaded	DeMMO6_95	Desulfarculales bacterium	DeMMO6_95	Apr-18	4850 feet	continental subsurface	Deep Mine Microbial Observatory	fracture fluid	USA: Sanford Underground Research Facility, Lead, SD	DeMMO	44.35 N 103.76 W
SAMN18076616	Successfully loaded	DeMMO6_99	Anaerolineales bacterium	DeMMO6_99	Apr-18	4850 feet	continental subsurface	Deep Mine Microbial Observatory	fracture fluid	USA: Sanford Underground Research Facility, Lead, SD	DeMMO	44.35 N 103.76 W
SAMN18076617	Successfully loaded	DeMMO6_36	Desulfovibrio sp.	DeMMO6_36	Apr-18	4850 feet	continental subsurface	Deep Mine Microbial Observatory	fracture fluid	USA: Sanford Underground Research Facility, Lead, SD	DeMMO	44.35 N 103.76 W
SAMN18076618	Successfully loaded	DeMMO6_40	Deltaproteobacteria bacterium	DeMMO6_40	Apr-18	4850 feet	continental subsurface	Deep Mine Microbial Observatory	fracture fluid	USA: Sanford Underground Research Facility, Lead, SD	DeMMO	44.35 N 103.76 W
SAMN18076619	Successfully loaded	DeMMO6_81	Candidatus Bipolaricaulis sp.	DeMMO6_81	Apr-18	4850 feet	continental subsurface	Deep Mine Microbial Observatory	fracture fluid	USA: Sanford Underground Research Facility, Lead, SD	DeMMO	44.35 N 103.76 W
SAMN18076620	Successfully loaded	DeMMO6_50	Candidatus Woykebacteria bacterium.	DeMMO6_50	Apr-18	4850 feet	continental subsurface	Deep Mine Microbial Observatory	fracture fluid	USA: Sanford Underground Research Facility, Lead, SD	DeMMO	44.35 N 103.76 W
SAMN18076621	Successfully loaded	DeMMO6_21	Desulfobacterales bacterium	DeMMO6_21	Apr-18	4850 feet	continental subsurface	Deep Mine Microbial Observatory	fracture fluid	USA: Sanford Underground Research Facility, Lead, SD	DeMMO	44.35 N 103.76 W
SAMN18076622	Successfully loaded	DeMMO6_100	Desulfovibrio sp.	DeMMO6_100	Apr-18	4850 feet	continental subsurface	Deep Mine Microbial Observatory	fracture fluid	USA: Sanford Underground Research Facility, Lead, SD	DeMMO	44.35 N 103.76 W
SAMN18076623	Successfully loaded	DeMMO6_66	Anaerolineales bacterium	DeMMO6_66	Apr-18	4850 feet	continental subsurface	Deep Mine Microbial Observatory	fracture fluid	USA: Sanford Underground Research Facility, Lead, SD	DeMMO	44.35 N 103.76 W
SAMN18076624	Successfully loaded	DeMMO6_7	Acholeplasmatales bacterium	DeMMO6_7	Apr-18	4850 feet	continental subsurface	Deep Mine Microbial Observatory	fracture fluid	USA: Sanford Underground Research Facility, Lead, SD	DeMMO	44.35 N 103.76 W
SAMN18076625	Successfully loaded	DeMMO6_74	Anaerolineales bacterium	DeMMO6_74	Apr-18	4850 feet	continental subsurface	Deep Mine Microbial Observatory	fracture fluid	USA: Sanford Underground Research Facility, Lead, SD	DeMMO	44.35 N 103.76 W
SAMN18076626	Successfully loaded	DeMMO6_41	Candidatus Pacebacteria bacterium	DeMMO6_41	Apr-18	4850 feet	continental subsurface	Deep Mine Microbial Observatory	fracture fluid	USA: Sanford Underground Research Facility, Lead, SD	DeMMO	44.35 N 103.76 W
SAMN18076627	Successfully loaded	DeMMO6_32	Deltaproteobacteria bacterium	DeMMO6_32	Apr-18	4850 feet	continental subsurface	Deep Mine Microbial Observatory	fracture fluid	USA: Sanford Underground Research Facility, Lead, SD	DeMMO	44.35 N 103.76 W
SAMN18076628	Successfully loaded	DeMMO6_34	Desulfovibrio sp.	DeMMO6_34	Apr-18	4850 feet	continental subsurface	Deep Mine Microbial Observatory	fracture fluid	USA: Sanford Underground Research Facility, Lead, SD	DeMMO	44.35 N 103.76 W
SAMN18076629	Successfully loaded	DeMMO6_65	Elusimicrobiales bacterium	DeMMO6_65	Apr-18	4850 feet	continental subsurface	Deep Mine Microbial Observatory	fracture fluid	USA: Sanford Underground Research Facility, Lead, SD	DeMMO	44.35 N 103.76 W
SAMN18076630	Successfully loaded	DeMMO6_92	Desulfovibrionales bacterium	DeMMO6_92	Apr-18	4850 feet	continental subsurface	Deep Mine Microbial Observatory	fracture fluid	USA: Sanford Underground Research Facility, Lead, SD	DeMMO	44.35 N 103.76 W
SAMN18076631	Successfully loaded	DeMMO6_12	Desulfobacterales bacterium	DeMMO6_12	Apr-18	4850 feet	continental subsurface	Deep Mine Microbial Observatory	fracture fluid	USA: Sanford Underground Research Facility, Lead, SD	DeMMO	44.35 N 103.76 W
SAMN18076632	Successfully loaded	DeMMO6_44	Patescibacteria group bacterium	DeMMO6_44	Apr-18	4850 feet	continental subsurface	Deep Mine Microbial Observatory	fracture fluid	USA: Sanford Underground Research Facility, Lead, SD	DeMMO	44.35 N 103.76 W
SAMN18076633	Successfully loaded	DeMMO6_64	Deltaproteobacteria bacterium	DeMMO6_64	Apr-18	4850 feet	continental subsurface	Deep Mine Microbial Observatory	fracture fluid	USA: Sanford Underground Research Facility, Lead, SD	DeMMO	44.35 N 103.76 W
SAMN18076634	Successfully loaded	DeMMO6_67	Desulfobacula sp.	DeMMO6_67	Apr-18	4850 feet	continental subsurface	Deep Mine Microbial Observatory	fracture fluid	USA: Sanford Underground Research Facility, Lead, SD	DeMMO	44.35 N 103.76 W
SAMN18076635	Successfully loaded	DeMMO6_54	Candidatus Shapirobacteria bacterium	DeMMO6_54	Apr-18	4850 feet	continental subsurface	Deep Mine Microbial Observatory	fracture fluid	USA: Sanford Underground Research Facility, Lead, SD	DeMMO	44.35 N 103.76 W
SAMN18076636	Successfully loaded	DeMMO6_29	Ignavibacteriales bacterium	DeMMO6_29	Apr-18	4850 feet	continental subsurface	Deep Mine Microbial Observatory	fracture fluid	USA: Sanford Underground Research Facility, Lead, SD	DeMMO	44.35 N 103.76 W
SAMN18076637	Successfully loaded	DeMMO6_24	Firmicutes bacterium	DeMMO6_24	Apr-18	4850 feet	continental subsurface	Deep Mine Microbial Observatory	fracture fluid	USA: Sanford Underground Research Facility, Lead, SD	DeMMO	44.35 N 103.76 W
SAMN18076638	Successfully loaded	DeMMO6_96	Anaerolineales bacterium	DeMMO6_96	Apr-18	4850 feet	continental subsurface	Deep Mine Microbial Observatory	fracture fluid	USA: Sanford Underground Research Facility, Lead, SD	DeMMO	44.35 N 103.76 W
SAMN18076639	Successfully loaded	DeMMO6_76	Candidatus Pacebacteria bacterium	DeMMO6_76	Apr-18	4850 feet	continental subsurface	Deep Mine Microbial Observatory	fracture fluid	USA: Sanford Underground Research Facility, Lead, SD	DeMMO	44.35 N 103.76 W
SAMN18076640	Successfully loaded	DeMMO6_10	Ignavibacteriales bacterium	DeMMO6_10	Apr-18	4850 feet	continental subsurface	Deep Mine Microbial Observatory	fracture fluid	USA: Sanford Underground Research Facility, Lead, SD	DeMMO	44.35 N 103.76 W
SAMN18076641	Successfully loaded	DeMMO6_72	Deltaproteobacteria bacterium	DeMMO6_72	Apr-18	4850 feet	continental subsurface	Deep Mine Microbial Observatory	fracture fluid	USA: Sanford Underground Research Facility, Lead, SD	DeMMO	44.35 N 103.76 W
SAMN18076642	Successfully loaded	DeMMO6_46	Anaerolineales bacterium	DeMMO6_46	Apr-18	4850 feet	continental subsurface	Deep Mine Microbial Observatory	fracture fluid	USA: Sanford Underground Research Facility, Lead, SD	DeMMO	44.35 N 103.76 W
SAMN18076643	Successfully loaded	DeMMO6_71	Proteobacteria bacterium	DeMMO6_71	Apr-18	4850 feet	continental subsurface	Deep Mine Microbial Observatory	fracture fluid	USA: Sanford Underground Research Facility, Lead, SD	DeMMO	44.35 N 103.76 W
SAMN18076644	Successfully loaded	DeMMO6_17	Deltaproteobacteria bacterium	DeMMO6_17	Apr-18	4850 feet	continental subsurface	Deep Mine Microbial Observatory	fracture fluid	USA: Sanford Underground Research Facility, Lead, SD	DeMMO	44.35 N 103.76 W
SAMN18076645	Successfully loaded	DeMMO6_38	Candidatus Pacebacteria bacterium	DeMMO6_38	Apr-18	4850 feet	continental subsurface	Deep Mine Microbial Observatory	fracture fluid	USA: Sanford Underground Research Facility, Lead, SD	DeMMO	44.35 N 103.76 W
SAMN18076646	Successfully loaded	DeMMO6_26	Candidatus Omnitrophica bacterium	DeMMO6_26	Apr-18	4850 feet	continental subsurface	Deep Mine Microbial Observatory	fracture fluid	USA: Sanford Underground Research Facility, Lead, SD	DeMMO	44.35 N 103.76 W
SAMN18076647	Successfully loaded	DeMMO6_56	Anaerolineales bacterium	DeMMO6_56	Apr-18	4850 feet	continental subsurface	Deep Mine Microbial Observatory	fracture fluid	USA: Sanford Underground Research Facility, Lead, SD	DeMMO	44.35 N 103.76 W
SAMN18076648	Successfully loaded	DeMMO6_55	Bacteroidales bacterium	DeMMO6_55	Apr-18	4850 feet	continental subsurface	Deep Mine Microbial Observatory	fracture fluid	USA: Sanford Underground Research Facility, Lead, SD	DeMMO	44.35 N 103.76 W
SAMN18076649	Successfully loaded	DeMMO6_93	Desulfobacula sp.	DeMMO6_93	Apr-18	4850 feet	continental subsurface	Deep Mine Microbial Observatory	fracture fluid	USA: Sanford Underground Research Facility, Lead, SD	DeMMO	44.35 N 103.76 W
SAMN18076650	Successfully loaded	DeMMO6_14	Brevinematales bacterium	DeMMO6_14	Apr-18	4850 feet	continental subsurface	Deep Mine Microbial Observatory	fracture fluid	USA: Sanford Underground Research Facility, Lead, SD	DeMMO	44.35 N 103.76 W
SAMN18076651	Successfully loaded	DeMMO6_45	Anaerolineales bacterium	DeMMO6_45	Apr-18	4850 feet	continental subsurface	Deep Mine Microbial Observatory	fracture fluid	USA: Sanford Underground Research Facility, Lead, SD	DeMMO	44.35 N 103.76 W
SAMN18076652	Successfully loaded	WC_6	Polynucleobacter sp.	WC_6	Apr-18	0 feet	continental subsurface	Deep Mine Microbial Observatory	surficial creek	USA: Sanford Underground Research Facility, Lead, SD	surficial creek	44.35 N 103.76 W
SAMN18076653	Successfully loaded	WC_3	Chitinophagales bacterium	WC_3	Apr-18	0 feet	continental subsurface	Deep Mine Microbial Observatory	surficial creek	USA: Sanford Underground Research Facility, Lead, SD	surficial creek	44.35 N 103.76 W
SAMN18076654	Successfully loaded	WC_16	Chamaesiphon sp.	WC_16	Apr-18	0 feet	continental subsurface	Deep Mine Microbial Observatory	surficial creek	USA: Sanford Underground Research Facility, Lead, SD	surficial creek	44.35 N 103.76 W
SAMN18076655	Successfully loaded	WC_33	Nitrospira sp.	WC_33	Apr-18	0 feet	continental subsurface	Deep Mine Microbial Observatory	surficial creek	USA: Sanford Underground Research Facility, Lead, SD	surficial creek	44.35 N 103.76 W
SAMN18076656	Successfully loaded	WC_41	Rhodoluna sp.	WC_41	Apr-18	0 feet	continental subsurface	Deep Mine Microbial Observatory	surficial creek	USA: Sanford Underground Research Facility, Lead, SD	surficial creek	44.35 N 103.76 W
SAMN18076657	Successfully loaded	WC_47	Candidatus Pacebacteria bacterium	WC_47	Apr-18	0 feet	continental subsurface	Deep Mine Microbial Observatory	surficial creek	USA: Sanford Underground Research Facility, Lead, SD	surficial creek	44.35 N 103.76 W
SAMN18076658	Successfully loaded	WC_53	Candidatus Gracilibacteria bacterium	WC_53	Apr-18	0 feet	continental subsurface	Deep Mine Microbial Observatory	surficial creek	USA: Sanford Underground Research Facility, Lead, SD	surficial creek	44.35 N 103.76 W
SAMN18076659	Successfully loaded	WC_7	Candidatus Peribacterales bacterium	WC_7	Apr-18	0 feet	continental subsurface	Deep Mine Microbial Observatory	surficial creek	USA: Sanford Underground Research Facility, Lead, SD	surficial creek	44.35 N 103.76 W
SAMN18076660	Successfully loaded	WC_35	Rhizobiales bacterium	WC_35	Apr-18	0 feet	continental subsurface	Deep Mine Microbial Observatory	surficial creek	USA: Sanford Underground Research Facility, Lead, SD	surficial creek	44.35 N 103.76 W
SAMN18076661	Successfully loaded	WC_19	Candidatus Peribacterales bacterium	WC_19	Apr-18	0 feet	continental subsurface	Deep Mine Microbial Observatory	surficial creek	USA: Sanford Underground Research Facility, Lead, SD	surficial creek	44.35 N 103.76 W
SAMN18076662	Successfully loaded	WC_45	Sediminibacterium sp.	WC_45	Apr-18	0 feet	continental subsurface	Deep Mine Microbial Observatory	surficial creek	USA: Sanford Underground Research Facility, Lead, SD	surficial creek	44.35 N 103.76 W
SAMN18076663	Successfully loaded	WC_28	Candidatus Pacebacteria bacterium	WC_28	Apr-18	0 feet	continental subsurface	Deep Mine Microbial Observatory	surficial creek	USA: Sanford Underground Research Facility, Lead, SD	surficial creek	44.35 N 103.76 W
SAMN18076664	Successfully loaded	WC_18	Actinobacteria bacterium	WC_18	Apr-18	0 feet	continental subsurface	Deep Mine Microbial Observatory	surficial creek	USA: Sanford Underground Research Facility, Lead, SD	surficial creek	44.35 N 103.76 W
SAMN18076665	Successfully loaded	WC_42	Candidatus Nanopelagicus sp.	WC_42	Apr-18	0 feet	continental subsurface	Deep Mine Microbial Observatory	surficial creek	USA: Sanford Underground Research Facility, Lead, SD	surficial creek	44.35 N 103.76 W
SAMN18076666	Successfully loaded	WC_52	Flavobacterium sp.	WC_52	Apr-18	0 feet	continental subsurface	Deep Mine Microbial Observatory	surficial creek	USA: Sanford Underground Research Facility, Lead, SD	surficial creek	44.35 N 103.76 W
SAMN18076667	Successfully loaded	WC_43	Candidatus Pacebacteria bacterium	WC_43	Apr-18	0 feet	continental subsurface	Deep Mine Microbial Observatory	surficial creek	USA: Sanford Underground Research Facility, Lead, SD	surficial creek	44.35 N 103.76 W
SAMN18076668	Successfully loaded	WC_25	Candidatus Peribacterales bacterium	WC_25	Apr-18	0 feet	continental subsurface	Deep Mine Microbial Observatory	surficial creek	USA: Sanford Underground Research Facility, Lead, SD	surficial creek	44.35 N 103.76 W
SAMN18076669	Successfully loaded	WC_20	Planctomycetes bacterium	WC_20	Apr-18	0 feet	continental subsurface	Deep Mine Microbial Observatory	surficial creek	USA: Sanford Underground Research Facility, Lead, SD	surficial creek	44.35 N 103.76 W
SAMN18076670	Successfully loaded	WC_39	Candidatus Pacebacteria bacterium	WC_39	Apr-18	0 feet	continental subsurface	Deep Mine Microbial Observatory	surficial creek	USA: Sanford Underground Research Facility, Lead, SD	surficial creek	44.35 N 103.76 W
SAMN18076671	Successfully loaded	WC_4	Polaromonas sp.	WC_4	Apr-18	0 feet	continental subsurface	Deep Mine Microbial Observatory	surficial creek	USA: Sanford Underground Research Facility, Lead, SD	surficial creek	44.35 N 103.76 W
SAMN18076672	Successfully loaded	WC_59	Brachymonas sp.	WC_59	Apr-18	0 feet	continental subsurface	Deep Mine Microbial Observatory	surficial creek	USA: Sanford Underground Research Facility, Lead, SD	surficial creek	44.35 N 103.76 W
SAMN18076673	Successfully loaded	WC_11	Candidatus Pacebacteria bacterium	WC_11	Apr-18	0 feet	continental subsurface	Deep Mine Microbial Observatory	surficial creek	USA: Sanford Underground Research Facility, Lead, SD	surficial creek	44.35 N 103.76 W
SAMN18076674	Successfully loaded	WC_50	Actinobacteria bacterium	WC_50	Apr-18	0 feet	continental subsurface	Deep Mine Microbial Observatory	surficial creek	USA: Sanford Underground Research Facility, Lead, SD	surficial creek	44.35 N 103.76 W
SAMN18076675	Successfully loaded	WC_9	Candidatus Omnitrophica bacterium	WC_9	Apr-18	0 feet	continental subsurface	Deep Mine Microbial Observatory	surficial creek	USA: Sanford Underground Research Facility, Lead, SD	surficial creek	44.35 N 103.76 W
SAMN18076676	Successfully loaded	WC_38	Candidatus Pacebacteria bacterium	WC_38	Apr-18	0 feet	continental subsurface	Deep Mine Microbial Observatory	surficial creek	USA: Sanford Underground Research Facility, Lead, SD	surficial creek	44.35 N 103.76 W
SAMN18076677	Successfully loaded	WC_1	Thermosynechococcus sp.	WC_1	Apr-18	0 feet	continental subsurface	Deep Mine Microbial Observatory	surficial creek	USA: Sanford Underground Research Facility, Lead, SD	surficial creek	44.35 N 103.76 W
SAMN18076678	Successfully loaded	WC_37	Candidatus Peribacterales bacterium	WC_37	Apr-18	0 feet	continental subsurface	Deep Mine Microbial Observatory	surficial creek	USA: Sanford Underground Research Facility, Lead, SD	surficial creek	44.35 N 103.76 W
SAMN18076679	Successfully loaded	WC_23	Candidatus Pacebacteria bacterium	WC_23	Apr-18	0 feet	continental subsurface	Deep Mine Microbial Observatory	surficial creek	USA: Sanford Underground Research Facility, Lead, SD	surficial creek	44.35 N 103.76 W
SAMN18076680	Successfully loaded	WC_54	Bacteroidia bacterium	WC_54	Apr-18	0 feet	continental subsurface	Deep Mine Microbial Observatory	surficial creek	USA: Sanford Underground Research Facility, Lead, SD	surficial creek	44.35 N 103.76 W
SAMN18076681	Successfully loaded	WC_31	Polynucleobacter sp.	WC_31	Apr-18	0 feet	continental subsurface	Deep Mine Microbial Observatory	surficial creek	USA: Sanford Underground Research Facility, Lead, SD	surficial creek	44.35 N 103.76 W
SAMN18076682	Successfully loaded	WC_40	Candidatus Pacebacteria bacterium	WC_40	Apr-18	0 feet	continental subsurface	Deep Mine Microbial Observatory	surficial creek	USA: Sanford Underground Research Facility, Lead, SD	surficial creek	44.35 N 103.76 W
SAMN18076683	Successfully loaded	WC_21	Candidatus Peribacterales bacterium	WC_21	Apr-18	0 feet	continental subsurface	Deep Mine Microbial Observatory	surficial creek	USA: Sanford Underground Research Facility, Lead, SD	surficial creek	44.35 N 103.76 W
SAMN18076684	Successfully loaded	WC_51	Candidatus Pacebacteria bacterium	WC_51	Apr-18	0 feet	continental subsurface	Deep Mine Microbial Observatory	surficial creek	USA: Sanford Underground Research Facility, Lead, SD	surficial creek	44.35 N 103.76 W
SAMN18076685	Successfully loaded	WC_44	Candidatus Omnitrophica bacterium	WC_44	Apr-18	0 feet	continental subsurface	Deep Mine Microbial Observatory	surficial creek	USA: Sanford Underground Research Facility, Lead, SD	surficial creek	44.35 N 103.76 W
SAMN18076686	Successfully loaded	WC_29	Methylophilus sp.	WC_29	Apr-18	0 feet	continental subsurface	Deep Mine Microbial Observatory	surficial creek	USA: Sanford Underground Research Facility, Lead, SD	surficial creek	44.35 N 103.76 W
SAMN18076687	Successfully loaded	WC_26	bacterium	WC_26	Apr-18	0 feet	continental subsurface	Deep Mine Microbial Observatory	surficial creek	USA: Sanford Underground Research Facility, Lead, SD	surficial creek	44.35 N 103.76 W
SAMN18076688	Successfully loaded	WC_60	Chitinophagales bacterium	WC_60	Apr-18	0 feet	continental subsurface	Deep Mine Microbial Observatory	surficial creek	USA: Sanford Underground Research Facility, Lead, SD	surficial creek	44.35 N 103.76 W
SAMN18076689	Successfully loaded	WC_2	Candidatus Peribacterales bacterium	WC_2	Apr-18	0 feet	continental subsurface	Deep Mine Microbial Observatory	surficial creek	USA: Sanford Underground Research Facility, Lead, SD	surficial creek	44.35 N 103.76 W
SAMN18076690	Successfully loaded	WC_14	Candidatus Pacebacteria bacterium	WC_14	Apr-18	0 feet	continental subsurface	Deep Mine Microbial Observatory	surficial creek	USA: Sanford Underground Research Facility, Lead, SD	surficial creek	44.35 N 103.76 W
SAMN18076691	Successfully loaded	WC_56	Betaproteobacteria bacterium	WC_56	Apr-18	0 feet	continental subsurface	Deep Mine Microbial Observatory	surficial creek	USA: Sanford Underground Research Facility, Lead, SD	surficial creek	44.35 N 103.76 W
SAMN18076692	Successfully loaded	WC_55	Candidatus Omnitrophica bacterium	WC_55	Apr-18	0 feet	continental subsurface	Deep Mine Microbial Observatory	surficial creek	USA: Sanford Underground Research Facility, Lead, SD	surficial creek	44.35 N 103.76 W
SAMN18076693	Successfully loaded	WC_10	Polaromonas sp.	WC_10	Apr-18	0 feet	continental subsurface	Deep Mine Microbial Observatory	surficial creek	USA: Sanford Underground Research Facility, Lead, SD	surficial creek	44.35 N 103.76 W
SAMN18076694	Successfully loaded	WC_17	Proteobacteria bacterium	WC_17	Apr-18	0 feet	continental subsurface	Deep Mine Microbial Observatory	surficial creek	USA: Sanford Underground Research Facility, Lead, SD	surficial creek	44.35 N 103.76 W
SAMN18076695	Successfully loaded	WC_58	Rhodoferax sp.	WC_58	Apr-18	0 feet	continental subsurface	Deep Mine Microbial Observatory	surficial creek	USA: Sanford Underground Research Facility, Lead, SD	surficial creek	44.35 N 103.76 W
SAMN18076696	Successfully loaded	WC_15	Candidatus Pacebacteria bacterium	WC_15	Apr-18	0 feet	continental subsurface	Deep Mine Microbial Observatory	surficial creek	USA: Sanford Underground Research Facility, Lead, SD	surficial creek	44.35 N 103.76 W
SAMN18076697	Successfully loaded	WC_13	Candidatus Levybacteria bacterium	WC_13	Apr-18	0 feet	continental subsurface	Deep Mine Microbial Observatory	surficial creek	USA: Sanford Underground Research Facility, Lead, SD	surficial creek	44.35 N 103.76 W
SAMN18076698	Successfully loaded	WC_36	Candidatus Pacebacteria bacterium	WC_36	Apr-18	0 feet	continental subsurface	Deep Mine Microbial Observatory	surficial creek	USA: Sanford Underground Research Facility, Lead, SD	surficial creek	44.35 N 103.76 W
SAMN18076699	Successfully loaded	WC_22	Candidatus Pacebacteria bacterium	WC_22	Apr-18	0 feet	continental subsurface	Deep Mine Microbial Observatory	surficial creek	USA: Sanford Underground Research Facility, Lead, SD	surficial creek	44.35 N 103.76 W
SAMN18076700	Successfully loaded	WC_46	Candidatus Pacebacteria bacterium	WC_46	Apr-18	0 feet	continental subsurface	Deep Mine Microbial Observatory	surficial creek	USA: Sanford Underground Research Facility, Lead, SD	surficial creek	44.35 N 103.76 W
SAMN18076701	Successfully loaded	WC_57	Candidatus Pacebacteria bacterium	WC_57	Apr-18	0 feet	continental subsurface	Deep Mine Microbial Observatory	surficial creek	USA: Sanford Underground Research Facility, Lead, SD	surficial creek	44.35 N 103.76 W
SAMN18076702	Successfully loaded	WC_8	Parachlamydiales bacterium	WC_8	Apr-18	0 feet	continental subsurface	Deep Mine Microbial Observatory	surficial creek	USA: Sanford Underground Research Facility, Lead, SD	surficial creek	44.35 N 103.76 W
SAMN18076703	Successfully loaded	WC_30	Candidatus Pacebacteria bacterium	WC_30	Apr-18	0 feet	continental subsurface	Deep Mine Microbial Observatory	surficial creek	USA: Sanford Underground Research Facility, Lead, SD	surficial creek	44.35 N 103.76 W
SAMN18076704	Successfully loaded	WC_27	Candidatus Omnitrophica bacterium	WC_27	Apr-18	0 feet	continental subsurface	Deep Mine Microbial Observatory	surficial creek	USA: Sanford Underground Research Facility, Lead, SD	surficial creek	44.35 N 103.76 W
SAMN18076705	Successfully loaded	WC_48	Sphingomonadales bacterium	WC_48	Apr-18	0 feet	continental subsurface	Deep Mine Microbial Observatory	surficial creek	USA: Sanford Underground Research Facility, Lead, SD	surficial creek	44.35 N 103.76 W
SAMN18076706	Successfully loaded	WC_32	Candidatus Pacebacteria bacterium	WC_32	Apr-18	0 feet	continental subsurface	Deep Mine Microbial Observatory	surficial creek	USA: Sanford Underground Research Facility, Lead, SD	surficial creek	44.35 N 103.76 W
SAMN18076707	Successfully loaded	WC_5	Sphingobacteriales bacterium	WC_5	Apr-18	0 feet	continental subsurface	Deep Mine Microbial Observatory	surficial creek	USA: Sanford Underground Research Facility, Lead, SD	surficial creek	44.35 N 103.76 W
SAMN18076708	Successfully loaded	WC_49	Rickettsiales bacterium	WC_49	Apr-18	0 feet	continental subsurface	Deep Mine Microbial Observatory	surficial creek	USA: Sanford Underground Research Facility, Lead, SD	surficial creek	44.35 N 103.76 W
SAMN18076709	Successfully loaded	WC_12	Candidatus Berkelbacteria bacterium	WC_12	Apr-18	0 feet	continental subsurface	Deep Mine Microbial Observatory	surficial creek	USA: Sanford Underground Research Facility, Lead, SD	surficial creek	44.35 N 103.76 W
SAMN18076710	Successfully loaded	WC_34	Candidatus Nanopelagicales bacterium	WC_34	Apr-18	0 feet	continental subsurface	Deep Mine Microbial Observatory	surficial creek	USA: Sanford Underground Research Facility, Lead, SD	surficial creek	44.35 N 103.76 W
SAMN18076711	Successfully loaded	WC_24	Candidatus Pacebacteria bacterium	WC_24	Apr-18	0 feet	continental subsurface	Deep Mine Microbial Observatory	surficial creek	USA: Sanford Underground Research Facility, Lead, SD	surficial creek	44.35 N 103.76 W
SAMN18076712	Successfully loaded	DeMMO2_6	candidate division Zixibacteria bacterium	DeMMO2_6	Apr-18	800 feet	continental subsurface	Deep Mine Microbial Observatory	fracture fluid	USA: Sanford Underground Research Facility, Lead, SD	DeMMO	44.35 N 103.76 W
SAMN18076713	Successfully loaded	DeMMO2_37	candidate division Zixibacteria bacterium	DeMMO2_37	Apr-18	800 feet	continental subsurface	Deep Mine Microbial Observatory	fracture fluid	USA: Sanford Underground Research Facility, Lead, SD	DeMMO	44.35 N 103.76 W
SAMN18076714	Successfully loaded	DeMMO2_11	Candidatus Omnitrophica bacterium	DeMMO2_11	Apr-18	800 feet	continental subsurface	Deep Mine Microbial Observatory	fracture fluid	USA: Sanford Underground Research Facility, Lead, SD	DeMMO	44.35 N 103.76 W
SAMN18076715	Successfully loaded	DeMMO2_88	Thermoanaerobaculia bacterium	DeMMO2_88	Apr-18	800 feet	continental subsurface	Deep Mine Microbial Observatory	fracture fluid	USA: Sanford Underground Research Facility, Lead, SD	DeMMO	44.35 N 103.76 W
SAMN18076716	Successfully loaded	DeMMO2_22	Bacteroidetes bacterium	DeMMO2_22	Apr-18	800 feet	continental subsurface	Deep Mine Microbial Observatory	fracture fluid	USA: Sanford Underground Research Facility, Lead, SD	DeMMO	44.35 N 103.76 W
SAMN18076717	Successfully loaded	DeMMO2_64	bacterium	DeMMO2_64	Apr-18	800 feet	continental subsurface	Deep Mine Microbial Observatory	fracture fluid	USA: Sanford Underground Research Facility, Lead, SD	DeMMO	44.35 N 103.76 W
SAMN18076718	Successfully loaded	DeMMO2_9	Phycisphaerae bacterium	DeMMO2_9	Apr-18	800 feet	continental subsurface	Deep Mine Microbial Observatory	fracture fluid	USA: Sanford Underground Research Facility, Lead, SD	DeMMO	44.35 N 103.76 W
SAMN18076719	Successfully loaded	DeMMO2_53	Deltaproteobacteria bacterium	DeMMO2_53	Apr-18	800 feet	continental subsurface	Deep Mine Microbial Observatory	fracture fluid	USA: Sanford Underground Research Facility, Lead, SD	DeMMO	44.35 N 103.76 W
SAMN18076720	Successfully loaded	DeMMO2_49	Candidatus Omnitrophica bacterium	DeMMO2_49	Apr-18	800 feet	continental subsurface	Deep Mine Microbial Observatory	fracture fluid	USA: Sanford Underground Research Facility, Lead, SD	DeMMO	44.35 N 103.76 W
SAMN18076721	Successfully loaded	DeMMO2_97	Desulfobacterales bacterium	DeMMO2_97	Apr-18	800 feet	continental subsurface	Deep Mine Microbial Observatory	fracture fluid	USA: Sanford Underground Research Facility, Lead, SD	DeMMO	44.35 N 103.76 W
SAMN18076722	Successfully loaded	DeMMO2_82	bacterium	DeMMO2_82	Apr-18	800 feet	continental subsurface	Deep Mine Microbial Observatory	fracture fluid	USA: Sanford Underground Research Facility, Lead, SD	DeMMO	44.35 N 103.76 W
SAMN18076723	Successfully loaded	DeMMO2_36	Calditrichaeota bacterium	DeMMO2_36	Apr-18	800 feet	continental subsurface	Deep Mine Microbial Observatory	fracture fluid	USA: Sanford Underground Research Facility, Lead, SD	DeMMO	44.35 N 103.76 W
SAMN18076724	Successfully loaded	DeMMO2_81	Deltaproteobacteria bacterium	DeMMO2_81	Apr-18	800 feet	continental subsurface	Deep Mine Microbial Observatory	fracture fluid	USA: Sanford Underground Research Facility, Lead, SD	DeMMO	44.35 N 103.76 W
SAMN18076725	Successfully loaded	DeMMO2_39	candidate division Zixibacteria bacterium	DeMMO2_39	Apr-18	800 feet	continental subsurface	Deep Mine Microbial Observatory	fracture fluid	USA: Sanford Underground Research Facility, Lead, SD	DeMMO	44.35 N 103.76 W
SAMN18076726	Successfully loaded	DeMMO2_23	bacterium	DeMMO2_23	Apr-18	800 feet	continental subsurface	Deep Mine Microbial Observatory	fracture fluid	USA: Sanford Underground Research Facility, Lead, SD	DeMMO	44.35 N 103.76 W
SAMN18076727	Successfully loaded	DeMMO2_61	Candidatus Berkelbacteria bacterium	DeMMO2_61	Apr-18	800 feet	continental subsurface	Deep Mine Microbial Observatory	fracture fluid	USA: Sanford Underground Research Facility, Lead, SD	DeMMO	44.35 N 103.76 W
SAMN18076728	Successfully loaded	DeMMO2_77	archaeon	DeMMO2_77	Apr-18	800 feet	continental subsurface	Deep Mine Microbial Observatory	fracture fluid	USA: Sanford Underground Research Facility, Lead, SD	DeMMO	44.35 N 103.76 W
SAMN18076729	Successfully loaded	DeMMO2_100	bacterium	DeMMO2_100	Apr-18	800 feet	continental subsurface	Deep Mine Microbial Observatory	fracture fluid	USA: Sanford Underground Research Facility, Lead, SD	DeMMO	44.35 N 103.76 W
SAMN18076730	Successfully loaded	DeMMO2_18	Ignavibacteriales bacterium	DeMMO2_18	Apr-18	800 feet	continental subsurface	Deep Mine Microbial Observatory	fracture fluid	USA: Sanford Underground Research Facility, Lead, SD	DeMMO	44.35 N 103.76 W
SAMN18076731	Successfully loaded	DeMMO2_92	bacterium	DeMMO2_92	Apr-18	800 feet	continental subsurface	Deep Mine Microbial Observatory	fracture fluid	USA: Sanford Underground Research Facility, Lead, SD	DeMMO	44.35 N 103.76 W
SAMN18076732	Successfully loaded	DeMMO2_34	Sideroxydans sp.	DeMMO2_34	Apr-18	800 feet	continental subsurface	Deep Mine Microbial Observatory	fracture fluid	USA: Sanford Underground Research Facility, Lead, SD	DeMMO	44.35 N 103.76 W
SAMN18076733	Successfully loaded	DeMMO2_52	Candidatus Woesebacteria bacterium	DeMMO2_52	Apr-18	800 feet	continental subsurface	Deep Mine Microbial Observatory	fracture fluid	USA: Sanford Underground Research Facility, Lead, SD	DeMMO	44.35 N 103.76 W
SAMN18076734	Successfully loaded	DeMMO2_90	Candidatus Woesebacteria bacterium	DeMMO2_90	Apr-18	800 feet	continental subsurface	Deep Mine Microbial Observatory	fracture fluid	USA: Sanford Underground Research Facility, Lead, SD	DeMMO	44.35 N 103.76 W
SAMN18076735	Successfully loaded	DeMMO2_58	Candidatus Latescibacteria bacterium	DeMMO2_58	Apr-18	800 feet	continental subsurface	Deep Mine Microbial Observatory	fracture fluid	USA: Sanford Underground Research Facility, Lead, SD	DeMMO	44.35 N 103.76 W
SAMN18076736	Successfully loaded	DeMMO2_72	Candidatus Omnitrophica bacterium	DeMMO2_72	Apr-18	800 feet	continental subsurface	Deep Mine Microbial Observatory	fracture fluid	USA: Sanford Underground Research Facility, Lead, SD	DeMMO	44.35 N 103.76 W
SAMN18076737	Successfully loaded	DeMMO2_75	Candidatus Woesebacteria bacterium	DeMMO2_75	Apr-18	800 feet	continental subsurface	Deep Mine Microbial Observatory	fracture fluid	USA: Sanford Underground Research Facility, Lead, SD	DeMMO	44.35 N 103.76 W
SAMN18076738	Successfully loaded	DeMMO2_89	Proteobacteria bacterium	DeMMO2_89	Apr-18	800 feet	continental subsurface	Deep Mine Microbial Observatory	fracture fluid	USA: Sanford Underground Research Facility, Lead, SD	DeMMO	44.35 N 103.76 W
SAMN18076739	Successfully loaded	DeMMO2_73	Thermodesulfovibrionia bacterium	DeMMO2_73	Apr-18	800 feet	continental subsurface	Deep Mine Microbial Observatory	fracture fluid	USA: Sanford Underground Research Facility, Lead, SD	DeMMO	44.35 N 103.76 W
SAMN18076740	Successfully loaded	DeMMO2_44	Candidatus Omnitrophica bacterium	DeMMO2_44	Apr-18	800 feet	continental subsurface	Deep Mine Microbial Observatory	fracture fluid	USA: Sanford Underground Research Facility, Lead, SD	DeMMO	44.35 N 103.76 W
SAMN18076741	Successfully loaded	DeMMO2_87	Candidatus Omnitrophica bacterium	DeMMO2_87	Apr-18	800 feet	continental subsurface	Deep Mine Microbial Observatory	fracture fluid	USA: Sanford Underground Research Facility, Lead, SD	DeMMO	44.35 N 103.76 W
SAMN18076742	Successfully loaded	DeMMO2_83	Desulfobacterales bacterium	DeMMO2_83	Apr-18	800 feet	continental subsurface	Deep Mine Microbial Observatory	fracture fluid	USA: Sanford Underground Research Facility, Lead, SD	DeMMO	44.35 N 103.76 W
SAMN18076743	Successfully loaded	DeMMO2_98	Candidatus Woesebacteria bacterium	DeMMO2_98	Apr-18	800 feet	continental subsurface	Deep Mine Microbial Observatory	fracture fluid	USA: Sanford Underground Research Facility, Lead, SD	DeMMO	44.35 N 103.76 W
SAMN18076744	Successfully loaded	DeMMO2_38	Candidatus Pacebacteria bacterium	DeMMO2_38	Apr-18	800 feet	continental subsurface	Deep Mine Microbial Observatory	fracture fluid	USA: Sanford Underground Research Facility, Lead, SD	DeMMO	44.35 N 103.76 W
SAMN18076745	Successfully loaded	DeMMO2_29	Patescibacteria group bacterium	DeMMO2_29	Apr-18	800 feet	continental subsurface	Deep Mine Microbial Observatory	fracture fluid	USA: Sanford Underground Research Facility, Lead, SD	DeMMO	44.35 N 103.76 W
SAMN18076746	Successfully loaded	DeMMO2_27	bacterium	DeMMO2_27	Apr-18	800 feet	continental subsurface	Deep Mine Microbial Observatory	fracture fluid	USA: Sanford Underground Research Facility, Lead, SD	DeMMO	44.35 N 103.76 W
SAMN18076747	Successfully loaded	DeMMO2_41	Patescibacteria group bacterium	DeMMO2_41	Apr-18	800 feet	continental subsurface	Deep Mine Microbial Observatory	fracture fluid	USA: Sanford Underground Research Facility, Lead, SD	DeMMO	44.35 N 103.76 W
SAMN18076748	Successfully loaded	DeMMO2_46	Sulfuritalea sp.	DeMMO2_46	Apr-18	800 feet	continental subsurface	Deep Mine Microbial Observatory	fracture fluid	USA: Sanford Underground Research Facility, Lead, SD	DeMMO	44.35 N 103.76 W
SAMN18076749	Successfully loaded	DeMMO2_67	Bacteroidetes bacterium	DeMMO2_67	Apr-18	800 feet	continental subsurface	Deep Mine Microbial Observatory	fracture fluid	USA: Sanford Underground Research Facility, Lead, SD	DeMMO	44.35 N 103.76 W
SAMN18076750	Successfully loaded	DeMMO2_30	archaeon	DeMMO2_30	Apr-18	800 feet	continental subsurface	Deep Mine Microbial Observatory	fracture fluid	USA: Sanford Underground Research Facility, Lead, SD	DeMMO	44.35 N 103.76 W
SAMN18076751	Successfully loaded	DeMMO2_14	archaeon	DeMMO2_14	Apr-18	800 feet	continental subsurface	Deep Mine Microbial Observatory	fracture fluid	USA: Sanford Underground Research Facility, Lead, SD	DeMMO	44.35 N 103.76 W
SAMN18076752	Successfully loaded	DeMMO2_42	archaeon	DeMMO2_42	Apr-18	800 feet	continental subsurface	Deep Mine Microbial Observatory	fracture fluid	USA: Sanford Underground Research Facility, Lead, SD	DeMMO	44.35 N 103.76 W
SAMN18076753	Successfully loaded	DeMMO2_45	Deltaproteobacteria bacterium	DeMMO2_45	Apr-18	800 feet	continental subsurface	Deep Mine Microbial Observatory	fracture fluid	USA: Sanford Underground Research Facility, Lead, SD	DeMMO	44.35 N 103.76 W
SAMN18076754	Successfully loaded	DeMMO2_70	bacterium	DeMMO2_70	Apr-18	800 feet	continental subsurface	Deep Mine Microbial Observatory	fracture fluid	USA: Sanford Underground Research Facility, Lead, SD	DeMMO	44.35 N 103.76 W
SAMN18076755	Successfully loaded	DeMMO2_40	Candidatus Omnitrophica bacterium	DeMMO2_40	Apr-18	800 feet	continental subsurface	Deep Mine Microbial Observatory	fracture fluid	USA: Sanford Underground Research Facility, Lead, SD	DeMMO	44.35 N 103.76 W
SAMN18076756	Successfully loaded	DeMMO2_59	Candidatus Omnitrophica bacterium	DeMMO2_59	Apr-18	800 feet	continental subsurface	Deep Mine Microbial Observatory	fracture fluid	USA: Sanford Underground Research Facility, Lead, SD	DeMMO	44.35 N 103.76 W
SAMN18076757	Successfully loaded	DeMMO2_91	Thaumarchaeota archaeon	DeMMO2_91	Apr-18	800 feet	continental subsurface	Deep Mine Microbial Observatory	fracture fluid	USA: Sanford Underground Research Facility, Lead, SD	DeMMO	44.35 N 103.76 W
SAMN18076758	Successfully loaded	DeMMO2_16	Thiobacillus sp.	DeMMO2_16	Apr-18	800 feet	continental subsurface	Deep Mine Microbial Observatory	fracture fluid	USA: Sanford Underground Research Facility, Lead, SD	DeMMO	44.35 N 103.76 W
SAMN18076759	Successfully loaded	DeMMO2_60	Candidatus Pacebacteria bacterium	DeMMO2_60	Apr-18	800 feet	continental subsurface	Deep Mine Microbial Observatory	fracture fluid	USA: Sanford Underground Research Facility, Lead, SD	DeMMO	44.35 N 103.76 W
SAMN18076760	Successfully loaded	DeMMO2_15	archaeon	DeMMO2_15	Apr-18	800 feet	continental subsurface	Deep Mine Microbial Observatory	fracture fluid	USA: Sanford Underground Research Facility, Lead, SD	DeMMO	44.35 N 103.76 W
SAMN18076761	Successfully loaded	DeMMO2_93	candidate division Zixibacteria bacterium	DeMMO2_93	Apr-18	800 feet	continental subsurface	Deep Mine Microbial Observatory	fracture fluid	USA: Sanford Underground Research Facility, Lead, SD	DeMMO	44.35 N 103.76 W
SAMN18076762	Successfully loaded	DeMMO2_10	Desulfobacterales bacterium	DeMMO2_10	Apr-18	800 feet	continental subsurface	Deep Mine Microbial Observatory	fracture fluid	USA: Sanford Underground Research Facility, Lead, SD	DeMMO	44.35 N 103.76 W
SAMN18076763	Successfully loaded	DeMMO2_48	bacterium	DeMMO2_48	Apr-18	800 feet	continental subsurface	Deep Mine Microbial Observatory	fracture fluid	USA: Sanford Underground Research Facility, Lead, SD	DeMMO	44.35 N 103.76 W
SAMN18076764	Successfully loaded	DeMMO2_5	Candidatus Omnitrophica bacterium	DeMMO2_5	Apr-18	800 feet	continental subsurface	Deep Mine Microbial Observatory	fracture fluid	USA: Sanford Underground Research Facility, Lead, SD	DeMMO	44.35 N 103.76 W
SAMN18076765	Successfully loaded	DeMMO2_19	Candidatus Pacebacteria bacterium	DeMMO2_19	Apr-18	800 feet	continental subsurface	Deep Mine Microbial Observatory	fracture fluid	USA: Sanford Underground Research Facility, Lead, SD	DeMMO	44.35 N 103.76 W
SAMN18076766	Successfully loaded	DeMMO2_55	Candidatus Ryanbacteria bacterium	DeMMO2_55	Apr-18	800 feet	continental subsurface	Deep Mine Microbial Observatory	fracture fluid	USA: Sanford Underground Research Facility, Lead, SD	DeMMO	44.35 N 103.76 W
SAMN18076767	Successfully loaded	DeMMO2_3	Thermodesulfovibrionia bacterium	DeMMO2_3	Apr-18	800 feet	continental subsurface	Deep Mine Microbial Observatory	fracture fluid	USA: Sanford Underground Research Facility, Lead, SD	DeMMO	44.35 N 103.76 W
SAMN18076768	Successfully loaded	DeMMO2_12	Thermodesulfovibrionales bacterium	DeMMO2_12	Apr-18	800 feet	continental subsurface	Deep Mine Microbial Observatory	fracture fluid	USA: Sanford Underground Research Facility, Lead, SD	DeMMO	44.35 N 103.76 W
SAMN18076769	Successfully loaded	DeMMO2_28	Planctomycetes bacterium	DeMMO2_28	Apr-18	800 feet	continental subsurface	Deep Mine Microbial Observatory	fracture fluid	USA: Sanford Underground Research Facility, Lead, SD	DeMMO	44.35 N 103.76 W
SAMN18076770	Successfully loaded	DeMMO2_96	candidate division Zixibacteria bacterium	DeMMO2_96	Apr-18	800 feet	continental subsurface	Deep Mine Microbial Observatory	fracture fluid	USA: Sanford Underground Research Facility, Lead, SD	DeMMO	44.35 N 103.76 W
SAMN18076771	Successfully loaded	DeMMO2_62	Candidatus Pacebacteria bacterium	DeMMO2_62	Apr-18	800 feet	continental subsurface	Deep Mine Microbial Observatory	fracture fluid	USA: Sanford Underground Research Facility, Lead, SD	DeMMO	44.35 N 103.76 W
SAMN18076772	Successfully loaded	DeMMO2_8	bacterium	DeMMO2_8	Apr-18	800 feet	continental subsurface	Deep Mine Microbial Observatory	fracture fluid	USA: Sanford Underground Research Facility, Lead, SD	DeMMO	44.35 N 103.76 W
SAMN18076773	Successfully loaded	DeMMO2_33	Candidatus Omnitrophica bacterium	DeMMO2_33	Apr-18	800 feet	continental subsurface	Deep Mine Microbial Observatory	fracture fluid	USA: Sanford Underground Research Facility, Lead, SD	DeMMO	44.35 N 103.76 W
SAMN18076774	Successfully loaded	DeMMO2_17	Deltaproteobacteria bacterium	DeMMO2_17	Apr-18	800 feet	continental subsurface	Deep Mine Microbial Observatory	fracture fluid	USA: Sanford Underground Research Facility, Lead, SD	DeMMO	44.35 N 103.76 W
SAMN18076775	Successfully loaded	DeMMO2_51	Proteobacteria bacterium	DeMMO2_51	Apr-18	800 feet	continental subsurface	Deep Mine Microbial Observatory	fracture fluid	USA: Sanford Underground Research Facility, Lead, SD	DeMMO	44.35 N 103.76 W
SAMN18076776	Successfully loaded	DeMMO2_24	Deltaproteobacteria bacterium	DeMMO2_24	Apr-18	800 feet	continental subsurface	Deep Mine Microbial Observatory	fracture fluid	USA: Sanford Underground Research Facility, Lead, SD	DeMMO	44.35 N 103.76 W
SAMN18076777	Successfully loaded	DeMMO2_71	Candidatus Pacebacteria bacterium	DeMMO2_71	Apr-18	800 feet	continental subsurface	Deep Mine Microbial Observatory	fracture fluid	USA: Sanford Underground Research Facility, Lead, SD	DeMMO	44.35 N 103.76 W
SAMN18076778	Successfully loaded	DeMMO2_32	Desulfobacterales bacterium	DeMMO2_32	Apr-18	800 feet	continental subsurface	Deep Mine Microbial Observatory	fracture fluid	USA: Sanford Underground Research Facility, Lead, SD	DeMMO	44.35 N 103.76 W
SAMN18076779	Successfully loaded	DeMMO2_76	Sideroxydans sp.	DeMMO2_76	Apr-18	800 feet	continental subsurface	Deep Mine Microbial Observatory	fracture fluid	USA: Sanford Underground Research Facility, Lead, SD	DeMMO	44.35 N 103.76 W
SAMN18076780	Successfully loaded	DeMMO2_50	Candidatus Diapherotrites archaeon	DeMMO2_50	Apr-18	800 feet	continental subsurface	Deep Mine Microbial Observatory	fracture fluid	USA: Sanford Underground Research Facility, Lead, SD	DeMMO	44.35 N 103.76 W
SAMN18076781	Successfully loaded	DeMMO2_63	bacterium	DeMMO2_63	Apr-18	800 feet	continental subsurface	Deep Mine Microbial Observatory	fracture fluid	USA: Sanford Underground Research Facility, Lead, SD	DeMMO	44.35 N 103.76 W
SAMN18076782	Successfully loaded	DeMMO2_65	Thiomonas sp.	DeMMO2_65	Apr-18	800 feet	continental subsurface	Deep Mine Microbial Observatory	fracture fluid	USA: Sanford Underground Research Facility, Lead, SD	DeMMO	44.35 N 103.76 W
SAMN18076783	Successfully loaded	DeMMO2_80	Candidatus Brocadiae bacterium	DeMMO2_80	Apr-18	800 feet	continental subsurface	Deep Mine Microbial Observatory	fracture fluid	USA: Sanford Underground Research Facility, Lead, SD	DeMMO	44.35 N 103.76 W
SAMN18076784	Successfully loaded	DeMMO2_85	Candidatus Pacebacteria bacterium	DeMMO2_85	Apr-18	800 feet	continental subsurface	Deep Mine Microbial Observatory	fracture fluid	USA: Sanford Underground Research Facility, Lead, SD	DeMMO	44.35 N 103.76 W
SAMN18076785	Successfully loaded	DeMMO2_79	Candidatus Eisenbacteria sp.	DeMMO2_79	Apr-18	800 feet	continental subsurface	Deep Mine Microbial Observatory	fracture fluid	USA: Sanford Underground Research Facility, Lead, SD	DeMMO	44.35 N 103.76 W
SAMN18076786	Successfully loaded	DeMMO2_57	bacterium	DeMMO2_57	Apr-18	800 feet	continental subsurface	Deep Mine Microbial Observatory	fracture fluid	USA: Sanford Underground Research Facility, Lead, SD	DeMMO	44.35 N 103.76 W
SAMN18076787	Successfully loaded	DeMMO2_2	Phycisphaerae bacterium	DeMMO2_2	Apr-18	800 feet	continental subsurface	Deep Mine Microbial Observatory	fracture fluid	USA: Sanford Underground Research Facility, Lead, SD	DeMMO	44.35 N 103.76 W
SAMN18076788	Successfully loaded	DeMMO2_68	Candidatus Omnitrophica bacterium	DeMMO2_68	Apr-18	800 feet	continental subsurface	Deep Mine Microbial Observatory	fracture fluid	USA: Sanford Underground Research Facility, Lead, SD	DeMMO	44.35 N 103.76 W
SAMN18076789	Successfully loaded	DeMMO2_26	archaeon	DeMMO2_26	Apr-18	800 feet	continental subsurface	Deep Mine Microbial Observatory	fracture fluid	USA: Sanford Underground Research Facility, Lead, SD	DeMMO	44.35 N 103.76 W
SAMN18076790	Successfully loaded	DeMMO2_31	Desulfobacterales bacterium	DeMMO2_31	Apr-18	800 feet	continental subsurface	Deep Mine Microbial Observatory	fracture fluid	USA: Sanford Underground Research Facility, Lead, SD	DeMMO	44.35 N 103.76 W
SAMN18076791	Successfully loaded	DeMMO2_20	Candidatus Omnitrophica bacterium	DeMMO2_20	Apr-18	800 feet	continental subsurface	Deep Mine Microbial Observatory	fracture fluid	USA: Sanford Underground Research Facility, Lead, SD	DeMMO	44.35 N 103.76 W
SAMN18076792	Successfully loaded	DeMMO2_86	bacterium	DeMMO2_86	Apr-18	800 feet	continental subsurface	Deep Mine Microbial Observatory	fracture fluid	USA: Sanford Underground Research Facility, Lead, SD	DeMMO	44.35 N 103.76 W
SAMN18076793	Successfully loaded	DeMMO2_54	bacterium	DeMMO2_54	Apr-18	800 feet	continental subsurface	Deep Mine Microbial Observatory	fracture fluid	USA: Sanford Underground Research Facility, Lead, SD	DeMMO	44.35 N 103.76 W
SAMN18076794	Successfully loaded	DeMMO2_94	Candidatus Brocadiae bacterium	DeMMO2_94	Apr-18	800 feet	continental subsurface	Deep Mine Microbial Observatory	fracture fluid	USA: Sanford Underground Research Facility, Lead, SD	DeMMO	44.35 N 103.76 W
SAMN18076795	Successfully loaded	DeMMO2_21	Candidatus Diapherotrites archaeon	DeMMO2_21	Apr-18	800 feet	continental subsurface	Deep Mine Microbial Observatory	fracture fluid	USA: Sanford Underground Research Facility, Lead, SD	DeMMO	44.35 N 103.76 W
SAMN18076796	Successfully loaded	DeMMO2_35	Candidatus Shapirobacteria bacterium	DeMMO2_35	Apr-18	800 feet	continental subsurface	Deep Mine Microbial Observatory	fracture fluid	USA: Sanford Underground Research Facility, Lead, SD	DeMMO	44.35 N 103.76 W
SAMN18076797	Successfully loaded	DeMMO2_25	Candidatus Berkelbacteria bacterium	DeMMO2_25	Apr-18	800 feet	continental subsurface	Deep Mine Microbial Observatory	fracture fluid	USA: Sanford Underground Research Facility, Lead, SD	DeMMO	44.35 N 103.76 W
SAMN18076798	Successfully loaded	DeMMO2_13	Thermodesulfovibrionales bacterium	DeMMO2_13	Apr-18	800 feet	continental subsurface	Deep Mine Microbial Observatory	fracture fluid	USA: Sanford Underground Research Facility, Lead, SD	DeMMO	44.35 N 103.76 W
SAMN18076799	Successfully loaded	DeMMO2_78	Candidatus Pacebacteria bacterium	DeMMO2_78	Apr-18	800 feet	continental subsurface	Deep Mine Microbial Observatory	fracture fluid	USA: Sanford Underground Research Facility, Lead, SD	DeMMO	44.35 N 103.76 W
SAMN18076800	Successfully loaded	DeMMO2_84	bacterium	DeMMO2_84	Apr-18	800 feet	continental subsurface	Deep Mine Microbial Observatory	fracture fluid	USA: Sanford Underground Research Facility, Lead, SD	DeMMO	44.35 N 103.76 W
SAMN18076801	Successfully loaded	DeMMO2_99	Betaproteobacteria bacterium	DeMMO2_99	Apr-18	800 feet	continental subsurface	Deep Mine Microbial Observatory	fracture fluid	USA: Sanford Underground Research Facility, Lead, SD	DeMMO	44.35 N 103.76 W
SAMN18076802	Successfully loaded	DeMMO2_74	candidate division Zixibacteria bacterium	DeMMO2_74	Apr-18	800 feet	continental subsurface	Deep Mine Microbial Observatory	fracture fluid	USA: Sanford Underground Research Facility, Lead, SD	DeMMO	44.35 N 103.76 W
SAMN18076803	Successfully loaded	DeMMO2_1	Thiothrix sp.	DeMMO2_1	Apr-18	800 feet	continental subsurface	Deep Mine Microbial Observatory	fracture fluid	USA: Sanford Underground Research Facility, Lead, SD	DeMMO	44.35 N 103.76 W
SAMN18076804	Successfully loaded	DeMMO2_56	Ignavibacteriales bacterium	DeMMO2_56	Apr-18	800 feet	continental subsurface	Deep Mine Microbial Observatory	fracture fluid	USA: Sanford Underground Research Facility, Lead, SD	DeMMO	44.35 N 103.76 W
SAMN18076805	Successfully loaded	DeMMO2_47	Thermodesulfovibrionia bacterium	DeMMO2_47	Apr-18	800 feet	continental subsurface	Deep Mine Microbial Observatory	fracture fluid	USA: Sanford Underground Research Facility, Lead, SD	DeMMO	44.35 N 103.76 W
SAMN18076806	Successfully loaded	DeMMO2_69	Candidatus Diapherotrites archaeon	DeMMO2_69	Apr-18	800 feet	continental subsurface	Deep Mine Microbial Observatory	fracture fluid	USA: Sanford Underground Research Facility, Lead, SD	DeMMO	44.35 N 103.76 W
SAMN18076807	Successfully loaded	DeMMO2_7	archaeon	DeMMO2_7	Apr-18	800 feet	continental subsurface	Deep Mine Microbial Observatory	fracture fluid	USA: Sanford Underground Research Facility, Lead, SD	DeMMO	44.35 N 103.76 W
SAMN18076808	Successfully loaded	DeMMO2_43	Proteobacteria bacterium	DeMMO2_43	Apr-18	800 feet	continental subsurface	Deep Mine Microbial Observatory	fracture fluid	USA: Sanford Underground Research Facility, Lead, SD	DeMMO	44.35 N 103.76 W
SAMN18076809	Successfully loaded	DeMMO2_95	Desulfobacterales bacterium	DeMMO2_95	Apr-18	800 feet	continental subsurface	Deep Mine Microbial Observatory	fracture fluid	USA: Sanford Underground Research Facility, Lead, SD	DeMMO	44.35 N 103.76 W
SAMN18076810	Successfully loaded	DeMMO2_66	Candidatus Omnitrophica bacterium	DeMMO2_66	Apr-18	800 feet	continental subsurface	Deep Mine Microbial Observatory	fracture fluid	USA: Sanford Underground Research Facility, Lead, SD	DeMMO	44.35 N 103.76 W
SAMN18076811	Successfully loaded	DeMMO2_4	Bacteroidetes bacterium	DeMMO2_4	Apr-18	800 feet	continental subsurface	Deep Mine Microbial Observatory	fracture fluid	USA: Sanford Underground Research Facility, Lead, SD	DeMMO	44.35 N 103.76 W
SAMN18076812	Successfully loaded	DeMMO1_3	Lentisphaeria bacterium	DeMMO1_3	Apr-18	800 feet	continental subsurface	Deep Mine Microbial Observatory	fracture fluid	USA: Sanford Underground Research Facility, Lead, SD	DeMMO	44.35 N 103.76 W
SAMN18076813	Successfully loaded	DeMMO1_18	Candidatus Pacebacteria bacterium	DeMMO1_18	Apr-18	800 feet	continental subsurface	Deep Mine Microbial Observatory	fracture fluid	USA: Sanford Underground Research Facility, Lead, SD	DeMMO	44.35 N 103.76 W
SAMN18076814	Successfully loaded	DeMMO1_9	Candidatus Omnitrophica bacterium	DeMMO1_9	Apr-18	800 feet	continental subsurface	Deep Mine Microbial Observatory	fracture fluid	USA: Sanford Underground Research Facility, Lead, SD	DeMMO	44.35 N 103.76 W
SAMN18076815	Successfully loaded	DeMMO1_5	Afipia sp.	DeMMO1_5	Apr-18	800 feet	continental subsurface	Deep Mine Microbial Observatory	fracture fluid	USA: Sanford Underground Research Facility, Lead, SD	DeMMO	44.35 N 103.76 W
SAMN18076816	Successfully loaded	DeMMO1_11	bacterium	DeMMO1_11	Apr-18	800 feet	continental subsurface	Deep Mine Microbial Observatory	fracture fluid	USA: Sanford Underground Research Facility, Lead, SD	DeMMO	44.35 N 103.76 W
SAMN18076817	Successfully loaded	DeMMO1_4	Aquabacterium sp.	DeMMO1_4	Apr-18	800 feet	continental subsurface	Deep Mine Microbial Observatory	fracture fluid	USA: Sanford Underground Research Facility, Lead, SD	DeMMO	44.35 N 103.76 W
SAMN18076818	Successfully loaded	DeMMO1_15	Sideroxydans sp.	DeMMO1_15	Apr-18	800 feet	continental subsurface	Deep Mine Microbial Observatory	fracture fluid	USA: Sanford Underground Research Facility, Lead, SD	DeMMO	44.35 N 103.76 W
SAMN18076819	Successfully loaded	DeMMO1_8	Nanoarchaeota archaeon	DeMMO1_8	Apr-18	800 feet	continental subsurface	Deep Mine Microbial Observatory	fracture fluid	USA: Sanford Underground Research Facility, Lead, SD	DeMMO	44.35 N 103.76 W
SAMN18076820	Successfully loaded	DeMMO1_1	Proteobacteria bacterium	DeMMO1_1	Apr-18	800 feet	continental subsurface	Deep Mine Microbial Observatory	fracture fluid	USA: Sanford Underground Research Facility, Lead, SD	DeMMO	44.35 N 103.76 W
SAMN18076821	Successfully loaded	DeMMO1_7	archaeon	DeMMO1_7	Apr-18	800 feet	continental subsurface	Deep Mine Microbial Observatory	fracture fluid	USA: Sanford Underground Research Facility, Lead, SD	DeMMO	44.35 N 103.76 W
SAMN18076822	Successfully loaded	DeMMO1_12	Thiobacillus sp.	DeMMO1_12	Apr-18	800 feet	continental subsurface	Deep Mine Microbial Observatory	fracture fluid	USA: Sanford Underground Research Facility, Lead, SD	DeMMO	44.35 N 103.76 W
SAMN18076823	Successfully loaded	DeMMO1_17	Nitrospiria bacterium	DeMMO1_17	Apr-18	800 feet	continental subsurface	Deep Mine Microbial Observatory	fracture fluid	USA: Sanford Underground Research Facility, Lead, SD	DeMMO	44.35 N 103.76 W
SAMN18076824	Successfully loaded	DeMMO1_14	bacterium	DeMMO1_14	Apr-18	800 feet	continental subsurface	Deep Mine Microbial Observatory	fracture fluid	USA: Sanford Underground Research Facility, Lead, SD	DeMMO	44.35 N 103.76 W
SAMN18076825	Successfully loaded	DeMMO1_10	Brevundimonas sp.	DeMMO1_10	Apr-18	800 feet	continental subsurface	Deep Mine Microbial Observatory	fracture fluid	USA: Sanford Underground Research Facility, Lead, SD	DeMMO	44.35 N 103.76 W
SAMN18076826	Successfully loaded	DeMMO1_16	Patescibacteria group bacterium	DeMMO1_16	Apr-18	800 feet	continental subsurface	Deep Mine Microbial Observatory	fracture fluid	USA: Sanford Underground Research Facility, Lead, SD	DeMMO	44.35 N 103.76 W
SAMN18076827	Successfully loaded	DeMMO1_24	Methanobacteriales archaeon	DeMMO1_24	Apr-18	800 feet	continental subsurface	Deep Mine Microbial Observatory	fracture fluid	USA: Sanford Underground Research Facility, Lead, SD	DeMMO	44.35 N 103.76 W
SAMN18076828	Successfully loaded	DeMMO1_2	Betaproteobacteria bacterium	DeMMO1_2	Apr-18	800 feet	continental subsurface	Deep Mine Microbial Observatory	fracture fluid	USA: Sanford Underground Research Facility, Lead, SD	DeMMO	44.35 N 103.76 W
SAMN18076829	Successfully loaded	DeMMO1_25	archaeon	DeMMO1_25	Apr-18	800 feet	continental subsurface	Deep Mine Microbial Observatory	fracture fluid	USA: Sanford Underground Research Facility, Lead, SD	DeMMO	44.35 N 103.76 W
SAMN18076830	Successfully loaded	DeMMO1_6	bacterium	DeMMO1_6	Apr-18	800 feet	continental subsurface	Deep Mine Microbial Observatory	fracture fluid	USA: Sanford Underground Research Facility, Lead, SD	DeMMO	44.35 N 103.76 W
SAMN18076831	Successfully loaded	DeMMO1_21	Gallionella sp.	DeMMO1_21	Apr-18	800 feet	continental subsurface	Deep Mine Microbial Observatory	fracture fluid	USA: Sanford Underground Research Facility, Lead, SD	DeMMO	44.35 N 103.76 W
SAMN18076832	Successfully loaded	DeMMO1_19	Parachlamydiales bacterium	DeMMO1_19	Apr-18	800 feet	continental subsurface	Deep Mine Microbial Observatory	fracture fluid	USA: Sanford Underground Research Facility, Lead, SD	DeMMO	44.35 N 103.76 W
SAMN18076833	Successfully loaded	DeMMO1_23	Patescibacteria group bacterium	DeMMO1_23	Apr-18	800 feet	continental subsurface	Deep Mine Microbial Observatory	fracture fluid	USA: Sanford Underground Research Facility, Lead, SD	DeMMO	44.35 N 103.76 W
SAMN18076834	Successfully loaded	DeMMO1_22	Candidatus Pacebacteria bacterium	DeMMO1_22	Apr-18	800 feet	continental subsurface	Deep Mine Microbial Observatory	fracture fluid	USA: Sanford Underground Research Facility, Lead, SD	DeMMO	44.35 N 103.76 W
SAMN18076835	Successfully loaded	DeMMO1_20	Proteobacteria bacterium	DeMMO1_20	Apr-18	800 feet	continental subsurface	Deep Mine Microbial Observatory	fracture fluid	USA: Sanford Underground Research Facility, Lead, SD	DeMMO	44.35 N 103.76 W
SAMN18076836	Successfully loaded	DeMMO1_13	Proteobacteria bacterium	DeMMO1_13	Apr-18	800 feet	continental subsurface	Deep Mine Microbial Observatory	fracture fluid	USA: Sanford Underground Research Facility, Lead, SD	DeMMO	44.35 N 103.76 W
SAMN18076837	Successfully loaded	SW_36	Nitrospirales bacterium	SW_36	Apr-18	4100 feet	continental subsurface	Deep Mine Microbial Observatory	mine service water	USA: Sanford Underground Research Facility, Lead, SD	DeMMO	44.35 N 103.76 W
SAMN18076838	Successfully loaded	SW_63	Betaproteobacteria bacterium	SW_63	Apr-18	4100 feet	continental subsurface	Deep Mine Microbial Observatory	mine service water	USA: Sanford Underground Research Facility, Lead, SD	DeMMO	44.35 N 103.76 W
SAMN18076839	Successfully loaded	SW_18	Parachlamydiales bacterium	SW_18	Apr-18	4100 feet	continental subsurface	Deep Mine Microbial Observatory	mine service water	USA: Sanford Underground Research Facility, Lead, SD	DeMMO	44.35 N 103.76 W
SAMN18076840	Successfully loaded	SW_75	Anaerolineales bacterium	SW_75	Apr-18	4100 feet	continental subsurface	Deep Mine Microbial Observatory	mine service water	USA: Sanford Underground Research Facility, Lead, SD	DeMMO	44.35 N 103.76 W
SAMN18076841	Successfully loaded	SW_61	Hyphomicrobium sp.	SW_61	Apr-18	4100 feet	continental subsurface	Deep Mine Microbial Observatory	mine service water	USA: Sanford Underground Research Facility, Lead, SD	DeMMO	44.35 N 103.76 W
SAMN18076842	Successfully loaded	SW_35	Bacteroidia bacterium	SW_35	Apr-18	4100 feet	continental subsurface	Deep Mine Microbial Observatory	mine service water	USA: Sanford Underground Research Facility, Lead, SD	DeMMO	44.35 N 103.76 W
SAMN18076843	Successfully loaded	SW_25	Gammaproteobacteria bacterium	SW_25	Apr-18	4100 feet	continental subsurface	Deep Mine Microbial Observatory	mine service water	USA: Sanford Underground Research Facility, Lead, SD	DeMMO	44.35 N 103.76 W
SAMN18076844	Successfully loaded	SW_65	Alphaproteobacteria bacterium	SW_65	Apr-18	4100 feet	continental subsurface	Deep Mine Microbial Observatory	mine service water	USA: Sanford Underground Research Facility, Lead, SD	DeMMO	44.35 N 103.76 W
SAMN18076845	Successfully loaded	SW_84	Candidatus Babeliales bacterium	SW_84	Apr-18	4100 feet	continental subsurface	Deep Mine Microbial Observatory	mine service water	USA: Sanford Underground Research Facility, Lead, SD	DeMMO	44.35 N 103.76 W
SAMN18076846	Successfully loaded	SW_31	Proteobacteria bacterium	SW_31	Apr-18	4100 feet	continental subsurface	Deep Mine Microbial Observatory	mine service water	USA: Sanford Underground Research Facility, Lead, SD	DeMMO	44.35 N 103.76 W
SAMN18076847	Successfully loaded	SW_24	Betaproteobacteria bacterium	SW_24	Apr-18	4100 feet	continental subsurface	Deep Mine Microbial Observatory	mine service water	USA: Sanford Underground Research Facility, Lead, SD	DeMMO	44.35 N 103.76 W
