sample_name	organism	isolate	collection_date	depth	env_broad_scale	env_local_scale	env_medium	geo_loc_name	isolation_source	lat_lon
SW_11	Parachlamydiales bacterium	SW_11	Apr-18	4100 feet	continental subsurface	Deep Mine Microbial Observatory	mine service water	USA: Sanford Underground Research Facility, Lead, SD	DeMMO	44.35 N 103.76 W
SW_14	Gammaproteobacteria bacterium	SW_14	Apr-18	4100 feet	continental subsurface	Deep Mine Microbial Observatory	mine service water	USA: Sanford Underground Research Facility, Lead, SD	DeMMO	44.35 N 103.76 W
SW_57	Hylemonella sp.	SW_57	Apr-18	4100 feet	continental subsurface	Deep Mine Microbial Observatory	mine service water	USA: Sanford Underground Research Facility, Lead, SD	DeMMO	44.35 N 103.76 W
SW_46	Sphingobium sp.	SW_46	Apr-18	4100 feet	continental subsurface	Deep Mine Microbial Observatory	mine service water	USA: Sanford Underground Research Facility, Lead, SD	DeMMO	44.35 N 103.76 W
SW_42	Legionellales bacterium	SW_42	Apr-18	4100 feet	continental subsurface	Deep Mine Microbial Observatory	mine service water	USA: Sanford Underground Research Facility, Lead, SD	DeMMO	44.35 N 103.76 W
SW_4	Candidatus Obscuribacterales bacterium	SW_4	Apr-18	4100 feet	continental subsurface	Deep Mine Microbial Observatory	mine service water	USA: Sanford Underground Research Facility, Lead, SD	DeMMO	44.35 N 103.76 W
SW_40	Parachlamydiales bacterium	SW_40	Apr-18	4100 feet	continental subsurface	Deep Mine Microbial Observatory	mine service water	USA: Sanford Underground Research Facility, Lead, SD	DeMMO	44.35 N 103.76 W
SW_29	bacterium	SW_29	Apr-18	4100 feet	continental subsurface	Deep Mine Microbial Observatory	mine service water	USA: Sanford Underground Research Facility, Lead, SD	DeMMO	44.35 N 103.76 W
SW_19	Candidatus Berkiella sp.	SW_19	Apr-18	4100 feet	continental subsurface	Deep Mine Microbial Observatory	mine service water	USA: Sanford Underground Research Facility, Lead, SD	DeMMO	44.35 N 103.76 W
SW_73	Legionella sp.	SW_73	Apr-18	4100 feet	continental subsurface	Deep Mine Microbial Observatory	mine service water	USA: Sanford Underground Research Facility, Lead, SD	DeMMO	44.35 N 103.76 W
SW_53	Gammaproteobacteria bacterium	SW_53	Apr-18	4100 feet	continental subsurface	Deep Mine Microbial Observatory	mine service water	USA: Sanford Underground Research Facility, Lead, SD	DeMMO	44.35 N 103.76 W
SW_56	Candidatus Babeliales bacterium	SW_56	Apr-18	4100 feet	continental subsurface	Deep Mine Microbial Observatory	mine service water	USA: Sanford Underground Research Facility, Lead, SD	DeMMO	44.35 N 103.76 W
SW_5	Candidatus Obscuribacterales bacterium	SW_5	Apr-18	4100 feet	continental subsurface	Deep Mine Microbial Observatory	mine service water	USA: Sanford Underground Research Facility, Lead, SD	DeMMO	44.35 N 103.76 W
SW_34	Candidatus Pacebacteria bacterium	SW_34	Apr-18	4100 feet	continental subsurface	Deep Mine Microbial Observatory	mine service water	USA: Sanford Underground Research Facility, Lead, SD	DeMMO	44.35 N 103.76 W
SW_44	Candidatus Babeliales bacterium	SW_44	Apr-18	4100 feet	continental subsurface	Deep Mine Microbial Observatory	mine service water	USA: Sanford Underground Research Facility, Lead, SD	DeMMO	44.35 N 103.76 W
SW_69	Alphaproteobacteria bacterium	SW_69	Apr-18	4100 feet	continental subsurface	Deep Mine Microbial Observatory	mine service water	USA: Sanford Underground Research Facility, Lead, SD	DeMMO	44.35 N 103.76 W
SW_67	Proteobacteria bacterium	SW_67	Apr-18	4100 feet	continental subsurface	Deep Mine Microbial Observatory	mine service water	USA: Sanford Underground Research Facility, Lead, SD	DeMMO	44.35 N 103.76 W
SW_9	Candidatus Obscuribacterales bacterium	SW_9	Apr-18	4100 feet	continental subsurface	Deep Mine Microbial Observatory	mine service water	USA: Sanford Underground Research Facility, Lead, SD	DeMMO	44.35 N 103.76 W
SW_47	Candidatus Nucleicultrix amoebiphila	SW_47	Apr-18	4100 feet	continental subsurface	Deep Mine Microbial Observatory	mine service water	USA: Sanford Underground Research Facility, Lead, SD	DeMMO	44.35 N 103.76 W
SW_32	Alphaproteobacteria bacterium	SW_32	Apr-18	4100 feet	continental subsurface	Deep Mine Microbial Observatory	mine service water	USA: Sanford Underground Research Facility, Lead, SD	DeMMO	44.35 N 103.76 W
SW_38	Planctomycetales bacterium	SW_38	Apr-18	4100 feet	continental subsurface	Deep Mine Microbial Observatory	mine service water	USA: Sanford Underground Research Facility, Lead, SD	DeMMO	44.35 N 103.76 W
SW_79	Pirellulales bacterium	SW_79	Apr-18	4100 feet	continental subsurface	Deep Mine Microbial Observatory	mine service water	USA: Sanford Underground Research Facility, Lead, SD	DeMMO	44.35 N 103.76 W
SW_27	Legionellales bacterium	SW_27	Apr-18	4100 feet	continental subsurface	Deep Mine Microbial Observatory	mine service water	USA: Sanford Underground Research Facility, Lead, SD	DeMMO	44.35 N 103.76 W
SW_23	Vermiphilus pyriformis	SW_23	Apr-18	4100 feet	continental subsurface	Deep Mine Microbial Observatory	mine service water	USA: Sanford Underground Research Facility, Lead, SD	DeMMO	44.35 N 103.76 W
SW_15	Rhizobiales bacterium	SW_15	Apr-18	4100 feet	continental subsurface	Deep Mine Microbial Observatory	mine service water	USA: Sanford Underground Research Facility, Lead, SD	DeMMO	44.35 N 103.76 W
SW_58	Acidobacteria bacterium	SW_58	Apr-18	4100 feet	continental subsurface	Deep Mine Microbial Observatory	mine service water	USA: Sanford Underground Research Facility, Lead, SD	DeMMO	44.35 N 103.76 W
SW_41	Candidatus Babeliales bacterium	SW_41	Apr-18	4100 feet	continental subsurface	Deep Mine Microbial Observatory	mine service water	USA: Sanford Underground Research Facility, Lead, SD	DeMMO	44.35 N 103.76 W
SW_12	Candidatus Caenarcaniphilales bacterium	SW_12	Apr-18	4100 feet	continental subsurface	Deep Mine Microbial Observatory	mine service water	USA: Sanford Underground Research Facility, Lead, SD	DeMMO	44.35 N 103.76 W
SW_43	Planctomycetales bacterium	SW_43	Apr-18	4100 feet	continental subsurface	Deep Mine Microbial Observatory	mine service water	USA: Sanford Underground Research Facility, Lead, SD	DeMMO	44.35 N 103.76 W
SW_74	Opitutales bacterium	SW_74	Apr-18	4100 feet	continental subsurface	Deep Mine Microbial Observatory	mine service water	USA: Sanford Underground Research Facility, Lead, SD	DeMMO	44.35 N 103.76 W
SW_10	Gammaproteobacteria bacterium	SW_10	Apr-18	4100 feet	continental subsurface	Deep Mine Microbial Observatory	mine service water	USA: Sanford Underground Research Facility, Lead, SD	DeMMO	44.35 N 103.76 W
SW_54	Parachlamydiales bacterium	SW_54	Apr-18	4100 feet	continental subsurface	Deep Mine Microbial Observatory	mine service water	USA: Sanford Underground Research Facility, Lead, SD	DeMMO	44.35 N 103.76 W
SW_30	Proteobacteria bacterium	SW_30	Apr-18	4100 feet	continental subsurface	Deep Mine Microbial Observatory	mine service water	USA: Sanford Underground Research Facility, Lead, SD	DeMMO	44.35 N 103.76 W
SW_39	Legionella sp.	SW_39	Apr-18	4100 feet	continental subsurface	Deep Mine Microbial Observatory	mine service water	USA: Sanford Underground Research Facility, Lead, SD	DeMMO	44.35 N 103.76 W
SW_80	Legionella sp.	SW_80	Apr-18	4100 feet	continental subsurface	Deep Mine Microbial Observatory	mine service water	USA: Sanford Underground Research Facility, Lead, SD	DeMMO	44.35 N 103.76 W
SW_28	Parachlamydiales bacterium	SW_28	Apr-18	4100 feet	continental subsurface	Deep Mine Microbial Observatory	mine service water	USA: Sanford Underground Research Facility, Lead, SD	DeMMO	44.35 N 103.76 W
SW_21	Candidatus Obscuribacterales bacterium	SW_21	Apr-18	4100 feet	continental subsurface	Deep Mine Microbial Observatory	mine service water	USA: Sanford Underground Research Facility, Lead, SD	DeMMO	44.35 N 103.76 W
SW_77	Chitinophagales bacterium	SW_77	Apr-18	4100 feet	continental subsurface	Deep Mine Microbial Observatory	mine service water	USA: Sanford Underground Research Facility, Lead, SD	DeMMO	44.35 N 103.76 W
SW_88	Elusimicrobia bacterium	SW_88	Apr-18	4100 feet	continental subsurface	Deep Mine Microbial Observatory	mine service water	USA: Sanford Underground Research Facility, Lead, SD	DeMMO	44.35 N 103.76 W
SW_66	Bacteroidia bacterium	SW_66	Apr-18	4100 feet	continental subsurface	Deep Mine Microbial Observatory	mine service water	USA: Sanford Underground Research Facility, Lead, SD	DeMMO	44.35 N 103.76 W
SW_72	Pseudomonadales bacterium	SW_72	Apr-18	4100 feet	continental subsurface	Deep Mine Microbial Observatory	mine service water	USA: Sanford Underground Research Facility, Lead, SD	DeMMO	44.35 N 103.76 W
SW_33	Alphaproteobacteria bacterium	SW_33	Apr-18	4100 feet	continental subsurface	Deep Mine Microbial Observatory	mine service water	USA: Sanford Underground Research Facility, Lead, SD	DeMMO	44.35 N 103.76 W
SW_91	Rhizorhabdus sp.	SW_91	Apr-18	4100 feet	continental subsurface	Deep Mine Microbial Observatory	mine service water	USA: Sanford Underground Research Facility, Lead, SD	DeMMO	44.35 N 103.76 W
SW_17	Gammaproteobacteria bacterium	SW_17	Apr-18	4100 feet	continental subsurface	Deep Mine Microbial Observatory	mine service water	USA: Sanford Underground Research Facility, Lead, SD	DeMMO	44.35 N 103.76 W
SW_82	Rickettsiales bacterium	SW_82	Apr-18	4100 feet	continental subsurface	Deep Mine Microbial Observatory	mine service water	USA: Sanford Underground Research Facility, Lead, SD	DeMMO	44.35 N 103.76 W
SW_37	Planctomycetales bacterium	SW_37	Apr-18	4100 feet	continental subsurface	Deep Mine Microbial Observatory	mine service water	USA: Sanford Underground Research Facility, Lead, SD	DeMMO	44.35 N 103.76 W
SW_8	Bacteroidia bacterium	SW_8	Apr-18	4100 feet	continental subsurface	Deep Mine Microbial Observatory	mine service water	USA: Sanford Underground Research Facility, Lead, SD	DeMMO	44.35 N 103.76 W
SW_55	Candidatus Babeliales bacterium	SW_55	Apr-18	4100 feet	continental subsurface	Deep Mine Microbial Observatory	mine service water	USA: Sanford Underground Research Facility, Lead, SD	DeMMO	44.35 N 103.76 W
SW_70	Verrucomicrobia bacterium	SW_70	Apr-18	4100 feet	continental subsurface	Deep Mine Microbial Observatory	mine service water	USA: Sanford Underground Research Facility, Lead, SD	DeMMO	44.35 N 103.76 W
SW_50	Rhizobiales bacterium	SW_50	Apr-18	4100 feet	continental subsurface	Deep Mine Microbial Observatory	mine service water	USA: Sanford Underground Research Facility, Lead, SD	DeMMO	44.35 N 103.76 W
SW_16	Rickettsiales bacterium	SW_16	Apr-18	4100 feet	continental subsurface	Deep Mine Microbial Observatory	mine service water	USA: Sanford Underground Research Facility, Lead, SD	DeMMO	44.35 N 103.76 W
SW_2	Alphaproteobacteria bacterium	SW_2	Apr-18	4100 feet	continental subsurface	Deep Mine Microbial Observatory	mine service water	USA: Sanford Underground Research Facility, Lead, SD	DeMMO	44.35 N 103.76 W
SW_64	Pirellulales bacterium	SW_64	Apr-18	4100 feet	continental subsurface	Deep Mine Microbial Observatory	mine service water	USA: Sanford Underground Research Facility, Lead, SD	DeMMO	44.35 N 103.76 W
SW_22	Candidatus Babeliales bacterium	SW_22	Apr-18	4100 feet	continental subsurface	Deep Mine Microbial Observatory	mine service water	USA: Sanford Underground Research Facility, Lead, SD	DeMMO	44.35 N 103.76 W
SW_59	Candidatus Dadabacteria bacterium	SW_59	Apr-18	4100 feet	continental subsurface	Deep Mine Microbial Observatory	mine service water	USA: Sanford Underground Research Facility, Lead, SD	DeMMO	44.35 N 103.76 W
SW_20	Candidatus Obscuribacterales bacterium	SW_20	Apr-18	4100 feet	continental subsurface	Deep Mine Microbial Observatory	mine service water	USA: Sanford Underground Research Facility, Lead, SD	DeMMO	44.35 N 103.76 W
SW_90	bacterium	SW_90	Apr-18	4100 feet	continental subsurface	Deep Mine Microbial Observatory	mine service water	USA: Sanford Underground Research Facility, Lead, SD	DeMMO	44.35 N 103.76 W
SW_51	Pseudomonadales bacterium	SW_51	Apr-18	4100 feet	continental subsurface	Deep Mine Microbial Observatory	mine service water	USA: Sanford Underground Research Facility, Lead, SD	DeMMO	44.35 N 103.76 W
SW_93	Candidatus Nucleicultrix amoebiphila	SW_93	Apr-18	4100 feet	continental subsurface	Deep Mine Microbial Observatory	mine service water	USA: Sanford Underground Research Facility, Lead, SD	DeMMO	44.35 N 103.76 W
SW_3	Alphaproteobacteria bacterium	SW_3	Apr-18	4100 feet	continental subsurface	Deep Mine Microbial Observatory	mine service water	USA: Sanford Underground Research Facility, Lead, SD	DeMMO	44.35 N 103.76 W
SW_13	Parachlamydiales bacterium	SW_13	Apr-18	4100 feet	continental subsurface	Deep Mine Microbial Observatory	mine service water	USA: Sanford Underground Research Facility, Lead, SD	DeMMO	44.35 N 103.76 W
SW_52	Bacteroidia bacterium	SW_52	Apr-18	4100 feet	continental subsurface	Deep Mine Microbial Observatory	mine service water	USA: Sanford Underground Research Facility, Lead, SD	DeMMO	44.35 N 103.76 W
SW_45	Phycisphaerales bacterium	SW_45	Apr-18	4100 feet	continental subsurface	Deep Mine Microbial Observatory	mine service water	USA: Sanford Underground Research Facility, Lead, SD	DeMMO	44.35 N 103.76 W
SW_6	Bacteroidia bacterium	SW_6	Apr-18	4100 feet	continental subsurface	Deep Mine Microbial Observatory	mine service water	USA: Sanford Underground Research Facility, Lead, SD	DeMMO	44.35 N 103.76 W
SW_85	Actinomycetales bacterium	SW_85	Apr-18	4100 feet	continental subsurface	Deep Mine Microbial Observatory	mine service water	USA: Sanford Underground Research Facility, Lead, SD	DeMMO	44.35 N 103.76 W
SW_68	Candidatus Obscuribacterales bacterium	SW_68	Apr-18	4100 feet	continental subsurface	Deep Mine Microbial Observatory	mine service water	USA: Sanford Underground Research Facility, Lead, SD	DeMMO	44.35 N 103.76 W
SW_71	Candidatus Babeliales bacterium	SW_71	Apr-18	4100 feet	continental subsurface	Deep Mine Microbial Observatory	mine service water	USA: Sanford Underground Research Facility, Lead, SD	DeMMO	44.35 N 103.76 W
SW_26	Gammaproteobacteria bacterium	SW_26	Apr-18	4100 feet	continental subsurface	Deep Mine Microbial Observatory	mine service water	USA: Sanford Underground Research Facility, Lead, SD	DeMMO	44.35 N 103.76 W
SW_92	Aquabacterium parvum	SW_92	Apr-18	4100 feet	continental subsurface	Deep Mine Microbial Observatory	mine service water	USA: Sanford Underground Research Facility, Lead, SD	DeMMO	44.35 N 103.76 W
SW_7	Parachlamydiales bacterium	SW_7	Apr-18	4100 feet	continental subsurface	Deep Mine Microbial Observatory	mine service water	USA: Sanford Underground Research Facility, Lead, SD	DeMMO	44.35 N 103.76 W
SW_62	Pirellulales bacterium	SW_62	Apr-18	4100 feet	continental subsurface	Deep Mine Microbial Observatory	mine service water	USA: Sanford Underground Research Facility, Lead, SD	DeMMO	44.35 N 103.76 W
SW_49	Candidatus Babeliales bacterium	SW_49	Apr-18	4100 feet	continental subsurface	Deep Mine Microbial Observatory	mine service water	USA: Sanford Underground Research Facility, Lead, SD	DeMMO	44.35 N 103.76 W
SW_78	Rickettsiales bacterium	SW_78	Apr-18	4100 feet	continental subsurface	Deep Mine Microbial Observatory	mine service water	USA: Sanford Underground Research Facility, Lead, SD	DeMMO	44.35 N 103.76 W
SW_83	Legionellales bacterium	SW_83	Apr-18	4100 feet	continental subsurface	Deep Mine Microbial Observatory	mine service water	USA: Sanford Underground Research Facility, Lead, SD	DeMMO	44.35 N 103.76 W
SW_87	Rickettsiales bacterium	SW_87	Apr-18	4100 feet	continental subsurface	Deep Mine Microbial Observatory	mine service water	USA: Sanford Underground Research Facility, Lead, SD	DeMMO	44.35 N 103.76 W
SW_76	Rickettsiales bacterium	SW_76	Apr-18	4100 feet	continental subsurface	Deep Mine Microbial Observatory	mine service water	USA: Sanford Underground Research Facility, Lead, SD	DeMMO	44.35 N 103.76 W
SW_48	Bacteroidia bacterium	SW_48	Apr-18	4100 feet	continental subsurface	Deep Mine Microbial Observatory	mine service water	USA: Sanford Underground Research Facility, Lead, SD	DeMMO	44.35 N 103.76 W
SW_86	Reyranella sp.	SW_86	Apr-18	4100 feet	continental subsurface	Deep Mine Microbial Observatory	mine service water	USA: Sanford Underground Research Facility, Lead, SD	DeMMO	44.35 N 103.76 W
SW_1	Proteobacteria bacterium	SW_1	Apr-18	4100 feet	continental subsurface	Deep Mine Microbial Observatory	mine service water	USA: Sanford Underground Research Facility, Lead, SD	DeMMO	44.35 N 103.76 W
SW_81	Nitrospirales bacterium	SW_81	Apr-18	4100 feet	continental subsurface	Deep Mine Microbial Observatory	mine service water	USA: Sanford Underground Research Facility, Lead, SD	DeMMO	44.35 N 103.76 W
SW_89	Chitinophagales bacterium	SW_89	Apr-18	4100 feet	continental subsurface	Deep Mine Microbial Observatory	mine service water	USA: Sanford Underground Research Facility, Lead, SD	DeMMO	44.35 N 103.76 W
SW_60	Gammaproteobacteria bacterium	SW_60	Apr-18	4100 feet	continental subsurface	Deep Mine Microbial Observatory	mine service water	USA: Sanford Underground Research Facility, Lead, SD	DeMMO	44.35 N 103.76 W
DeMMO3_93	Deltaproteobacteria bacterium	DeMMO3_93	Apr-18	2000 feet	continental subsurface	Deep Mine Microbial Observatory	fracture fluid	USA: Sanford Underground Research Facility, Lead, SD	DeMMO	44.35 N 103.76 W
DeMMO3_61	Candidatus Dojkabacteria bacterium	DeMMO3_61	Apr-18	2000 feet	continental subsurface	Deep Mine Microbial Observatory	fracture fluid	USA: Sanford Underground Research Facility, Lead, SD	DeMMO	44.35 N 103.76 W
DeMMO3_11	Thermoleophilia bacterium	DeMMO3_11	Apr-18	2000 feet	continental subsurface	Deep Mine Microbial Observatory	fracture fluid	USA: Sanford Underground Research Facility, Lead, SD	DeMMO	44.35 N 103.76 W
DeMMO3_35	archaeon	DeMMO3_35	Apr-18	2000 feet	continental subsurface	Deep Mine Microbial Observatory	fracture fluid	USA: Sanford Underground Research Facility, Lead, SD	DeMMO	44.35 N 103.76 W
DeMMO3_45	Candidatus Brocadiae bacterium	DeMMO3_45	Apr-18	2000 feet	continental subsurface	Deep Mine Microbial Observatory	fracture fluid	USA: Sanford Underground Research Facility, Lead, SD	DeMMO	44.35 N 103.76 W
DeMMO3_30	Thermodesulfovibrionales bacterium	DeMMO3_30	Apr-18	2000 feet	continental subsurface	Deep Mine Microbial Observatory	fracture fluid	USA: Sanford Underground Research Facility, Lead, SD	DeMMO	44.35 N 103.76 W
DeMMO3_50	Candidatus Woesebacteria bacterium	DeMMO3_50	Apr-18	2000 feet	continental subsurface	Deep Mine Microbial Observatory	fracture fluid	USA: Sanford Underground Research Facility, Lead, SD	DeMMO	44.35 N 103.76 W
DeMMO3_56	Fusobacteria bacterium	DeMMO3_56	Apr-18	2000 feet	continental subsurface	Deep Mine Microbial Observatory	fracture fluid	USA: Sanford Underground Research Facility, Lead, SD	DeMMO	44.35 N 103.76 W
DeMMO3_59	Anaerolineales bacterium	DeMMO3_59	Apr-18	2000 feet	continental subsurface	Deep Mine Microbial Observatory	fracture fluid	USA: Sanford Underground Research Facility, Lead, SD	DeMMO	44.35 N 103.76 W
DeMMO3_17	Candidatus Omnitrophica bacterium	DeMMO3_17	Apr-18	2000 feet	continental subsurface	Deep Mine Microbial Observatory	fracture fluid	USA: Sanford Underground Research Facility, Lead, SD	DeMMO	44.35 N 103.76 W
DeMMO3_76	Proteobacteria bacterium	DeMMO3_76	Apr-18	2000 feet	continental subsurface	Deep Mine Microbial Observatory	fracture fluid	USA: Sanford Underground Research Facility, Lead, SD	DeMMO	44.35 N 103.76 W
DeMMO3_100	bacterium	DeMMO3_100	Apr-18	2000 feet	continental subsurface	Deep Mine Microbial Observatory	fracture fluid	USA: Sanford Underground Research Facility, Lead, SD	DeMMO	44.35 N 103.76 W
DeMMO3_39	Candidatus Thermoplasmatota archaeon	DeMMO3_39	Apr-18	2000 feet	continental subsurface	Deep Mine Microbial Observatory	fracture fluid	USA: Sanford Underground Research Facility, Lead, SD	DeMMO	44.35 N 103.76 W
DeMMO3_40	Nanoarchaeota archaeon	DeMMO3_40	Apr-18	2000 feet	continental subsurface	Deep Mine Microbial Observatory	fracture fluid	USA: Sanford Underground Research Facility, Lead, SD	DeMMO	44.35 N 103.76 W
DeMMO3_74	Proteobacteria bacterium	DeMMO3_74	Apr-18	2000 feet	continental subsurface	Deep Mine Microbial Observatory	fracture fluid	USA: Sanford Underground Research Facility, Lead, SD	DeMMO	44.35 N 103.76 W
DeMMO3_13	archaeon	DeMMO3_13	Apr-18	2000 feet	continental subsurface	Deep Mine Microbial Observatory	fracture fluid	USA: Sanford Underground Research Facility, Lead, SD	DeMMO	44.35 N 103.76 W
DeMMO3_1	Candidatus Edwardsbacteria bacterium	DeMMO3_1	Apr-18	2000 feet	continental subsurface	Deep Mine Microbial Observatory	fracture fluid	USA: Sanford Underground Research Facility, Lead, SD	DeMMO	44.35 N 103.76 W
DeMMO3_14	Deltaproteobacteria bacterium	DeMMO3_14	Apr-18	2000 feet	continental subsurface	Deep Mine Microbial Observatory	fracture fluid	USA: Sanford Underground Research Facility, Lead, SD	DeMMO	44.35 N 103.76 W
DeMMO3_42	bacterium	DeMMO3_42	Apr-18	2000 feet	continental subsurface	Deep Mine Microbial Observatory	fracture fluid	USA: Sanford Underground Research Facility, Lead, SD	DeMMO	44.35 N 103.76 W
DeMMO3_73	Elusimicrobia bacterium	DeMMO3_73	Apr-18	2000 feet	continental subsurface	Deep Mine Microbial Observatory	fracture fluid	USA: Sanford Underground Research Facility, Lead, SD	DeMMO	44.35 N 103.76 W
DeMMO3_92	Thermodesulfovibrionales bacterium	DeMMO3_92	Apr-18	2000 feet	continental subsurface	Deep Mine Microbial Observatory	fracture fluid	USA: Sanford Underground Research Facility, Lead, SD	DeMMO	44.35 N 103.76 W
DeMMO3_97	Deltaproteobacteria bacterium	DeMMO3_97	Apr-18	2000 feet	continental subsurface	Deep Mine Microbial Observatory	fracture fluid	USA: Sanford Underground Research Facility, Lead, SD	DeMMO	44.35 N 103.76 W
DeMMO3_31	Deltaproteobacteria bacterium	DeMMO3_31	Apr-18	2000 feet	continental subsurface	Deep Mine Microbial Observatory	fracture fluid	USA: Sanford Underground Research Facility, Lead, SD	DeMMO	44.35 N 103.76 W
DeMMO3_12	Sideroxydans sp.	DeMMO3_12	Apr-18	2000 feet	continental subsurface	Deep Mine Microbial Observatory	fracture fluid	USA: Sanford Underground Research Facility, Lead, SD	DeMMO	44.35 N 103.76 W
DeMMO3_80	bacterium	DeMMO3_80	Apr-18	2000 feet	continental subsurface	Deep Mine Microbial Observatory	fracture fluid	USA: Sanford Underground Research Facility, Lead, SD	DeMMO	44.35 N 103.76 W
DeMMO3_24	Thaumarchaeota archaeon	DeMMO3_24	Apr-18	2000 feet	continental subsurface	Deep Mine Microbial Observatory	fracture fluid	USA: Sanford Underground Research Facility, Lead, SD	DeMMO	44.35 N 103.76 W
DeMMO3_96	Actinobacteria bacterium	DeMMO3_96	Apr-18	2000 feet	continental subsurface	Deep Mine Microbial Observatory	fracture fluid	USA: Sanford Underground Research Facility, Lead, SD	DeMMO	44.35 N 103.76 W
DeMMO3_26	Thermodesulfovibrionia bacterium	DeMMO3_26	Apr-18	2000 feet	continental subsurface	Deep Mine Microbial Observatory	fracture fluid	USA: Sanford Underground Research Facility, Lead, SD	DeMMO	44.35 N 103.76 W
DeMMO3_28	Candidatus Shapirobacteria bacterium	DeMMO3_28	Apr-18	2000 feet	continental subsurface	Deep Mine Microbial Observatory	fracture fluid	USA: Sanford Underground Research Facility, Lead, SD	DeMMO	44.35 N 103.76 W
DeMMO3_64	Parcubacteria group bacterium	DeMMO3_64	Apr-18	2000 feet	continental subsurface	Deep Mine Microbial Observatory	fracture fluid	USA: Sanford Underground Research Facility, Lead, SD	DeMMO	44.35 N 103.76 W
DeMMO3_25	Candidatus Diapherotrites archaeon	DeMMO3_25	Apr-18	2000 feet	continental subsurface	Deep Mine Microbial Observatory	fracture fluid	USA: Sanford Underground Research Facility, Lead, SD	DeMMO	44.35 N 103.76 W
DeMMO3_21	candidate division Zixibacteria bacterium	DeMMO3_21	Apr-18	2000 feet	continental subsurface	Deep Mine Microbial Observatory	fracture fluid	USA: Sanford Underground Research Facility, Lead, SD	DeMMO	44.35 N 103.76 W
DeMMO3_89	Candidatus Omnitrophica bacterium	DeMMO3_89	Apr-18	2000 feet	continental subsurface	Deep Mine Microbial Observatory	fracture fluid	USA: Sanford Underground Research Facility, Lead, SD	DeMMO	44.35 N 103.76 W
DeMMO3_48	Candidatus Omnitrophica bacterium	DeMMO3_48	Apr-18	2000 feet	continental subsurface	Deep Mine Microbial Observatory	fracture fluid	USA: Sanford Underground Research Facility, Lead, SD	DeMMO	44.35 N 103.76 W
DeMMO3_15	Candidatus Omnitrophica bacterium	DeMMO3_15	Apr-18	2000 feet	continental subsurface	Deep Mine Microbial Observatory	fracture fluid	USA: Sanford Underground Research Facility, Lead, SD	DeMMO	44.35 N 103.76 W
DeMMO3_16	Desulfobacterales bacterium	DeMMO3_16	Apr-18	2000 feet	continental subsurface	Deep Mine Microbial Observatory	fracture fluid	USA: Sanford Underground Research Facility, Lead, SD	DeMMO	44.35 N 103.76 W
DeMMO3_27	archaeon	DeMMO3_27	Apr-18	2000 feet	continental subsurface	Deep Mine Microbial Observatory	fracture fluid	USA: Sanford Underground Research Facility, Lead, SD	DeMMO	44.35 N 103.76 W
DeMMO3_54	Candidatus Woesebacteria bacterium	DeMMO3_54	Apr-18	2000 feet	continental subsurface	Deep Mine Microbial Observatory	fracture fluid	USA: Sanford Underground Research Facility, Lead, SD	DeMMO	44.35 N 103.76 W
DeMMO3_77	Phycisphaerae bacterium	DeMMO3_77	Apr-18	2000 feet	continental subsurface	Deep Mine Microbial Observatory	fracture fluid	USA: Sanford Underground Research Facility, Lead, SD	DeMMO	44.35 N 103.76 W
DeMMO3_67	Candidatus Pacebacteria bacterium	DeMMO3_67	Apr-18	2000 feet	continental subsurface	Deep Mine Microbial Observatory	fracture fluid	USA: Sanford Underground Research Facility, Lead, SD	DeMMO	44.35 N 103.76 W
DeMMO3_75	Thermodesulfovibrionia bacterium	DeMMO3_75	Apr-18	2000 feet	continental subsurface	Deep Mine Microbial Observatory	fracture fluid	USA: Sanford Underground Research Facility, Lead, SD	DeMMO	44.35 N 103.76 W
DeMMO3_87	Candidatus Omnitrophica bacterium	DeMMO3_87	Apr-18	2000 feet	continental subsurface	Deep Mine Microbial Observatory	fracture fluid	USA: Sanford Underground Research Facility, Lead, SD	DeMMO	44.35 N 103.76 W
DeMMO3_6	Ignavibacteriales bacterium	DeMMO3_6	Apr-18	2000 feet	continental subsurface	Deep Mine Microbial Observatory	fracture fluid	USA: Sanford Underground Research Facility, Lead, SD	DeMMO	44.35 N 103.76 W
DeMMO3_62	Deltaproteobacteria bacterium	DeMMO3_62	Apr-18	2000 feet	continental subsurface	Deep Mine Microbial Observatory	fracture fluid	USA: Sanford Underground Research Facility, Lead, SD	DeMMO	44.35 N 103.76 W
DeMMO3_72	Candidatus Woesebacteria bacterium	DeMMO3_72	Apr-18	2000 feet	continental subsurface	Deep Mine Microbial Observatory	fracture fluid	USA: Sanford Underground Research Facility, Lead, SD	DeMMO	44.35 N 103.76 W
DeMMO3_95	bacterium	DeMMO3_95	Apr-18	2000 feet	continental subsurface	Deep Mine Microbial Observatory	fracture fluid	USA: Sanford Underground Research Facility, Lead, SD	DeMMO	44.35 N 103.76 W
DeMMO3_23	archaeon	DeMMO3_23	Apr-18	2000 feet	continental subsurface	Deep Mine Microbial Observatory	fracture fluid	USA: Sanford Underground Research Facility, Lead, SD	DeMMO	44.35 N 103.76 W
DeMMO3_46	Candidatus Pacebacteria bacterium	DeMMO3_46	Apr-18	2000 feet	continental subsurface	Deep Mine Microbial Observatory	fracture fluid	USA: Sanford Underground Research Facility, Lead, SD	DeMMO	44.35 N 103.76 W
DeMMO3_82	Patescibacteria group bacterium	DeMMO3_82	Apr-18	2000 feet	continental subsurface	Deep Mine Microbial Observatory	fracture fluid	USA: Sanford Underground Research Facility, Lead, SD	DeMMO	44.35 N 103.76 W
DeMMO3_19	Candidatus Omnitrophica bacterium	DeMMO3_19	Apr-18	2000 feet	continental subsurface	Deep Mine Microbial Observatory	fracture fluid	USA: Sanford Underground Research Facility, Lead, SD	DeMMO	44.35 N 103.76 W
DeMMO3_44	Candidatus Omnitrophica bacterium	DeMMO3_44	Apr-18	2000 feet	continental subsurface	Deep Mine Microbial Observatory	fracture fluid	USA: Sanford Underground Research Facility, Lead, SD	DeMMO	44.35 N 103.76 W
DeMMO3_78	Patescibacteria group bacterium	DeMMO3_78	Apr-18	2000 feet	continental subsurface	Deep Mine Microbial Observatory	fracture fluid	USA: Sanford Underground Research Facility, Lead, SD	DeMMO	44.35 N 103.76 W
DeMMO3_8	Nitrospirae bacterium	DeMMO3_8	Apr-18	2000 feet	continental subsurface	Deep Mine Microbial Observatory	fracture fluid	USA: Sanford Underground Research Facility, Lead, SD	DeMMO	44.35 N 103.76 W
DeMMO3_60	Actinobacteria bacterium	DeMMO3_60	Apr-18	2000 feet	continental subsurface	Deep Mine Microbial Observatory	fracture fluid	USA: Sanford Underground Research Facility, Lead, SD	DeMMO	44.35 N 103.76 W
DeMMO3_37	archaeon	DeMMO3_37	Apr-18	2000 feet	continental subsurface	Deep Mine Microbial Observatory	fracture fluid	USA: Sanford Underground Research Facility, Lead, SD	DeMMO	44.35 N 103.76 W
DeMMO3_10	Brevinematales bacterium	DeMMO3_10	Apr-18	2000 feet	continental subsurface	Deep Mine Microbial Observatory	fracture fluid	USA: Sanford Underground Research Facility, Lead, SD	DeMMO	44.35 N 103.76 W
DeMMO3_70	archaeon	DeMMO3_70	Apr-18	2000 feet	continental subsurface	Deep Mine Microbial Observatory	fracture fluid	USA: Sanford Underground Research Facility, Lead, SD	DeMMO	44.35 N 103.76 W
DeMMO3_53	Anaerolineales bacterium	DeMMO3_53	Apr-18	2000 feet	continental subsurface	Deep Mine Microbial Observatory	fracture fluid	USA: Sanford Underground Research Facility, Lead, SD	DeMMO	44.35 N 103.76 W
DeMMO3_49	Proteobacteria bacterium	DeMMO3_49	Apr-18	2000 feet	continental subsurface	Deep Mine Microbial Observatory	fracture fluid	USA: Sanford Underground Research Facility, Lead, SD	DeMMO	44.35 N 103.76 W
DeMMO3_36	bacterium	DeMMO3_36	Apr-18	2000 feet	continental subsurface	Deep Mine Microbial Observatory	fracture fluid	USA: Sanford Underground Research Facility, Lead, SD	DeMMO	44.35 N 103.76 W
DeMMO3_5	Bacteroidales bacterium	DeMMO3_5	Apr-18	2000 feet	continental subsurface	Deep Mine Microbial Observatory	fracture fluid	USA: Sanford Underground Research Facility, Lead, SD	DeMMO	44.35 N 103.76 W
DeMMO3_47	Candidatus Saganbacteria bacterium	DeMMO3_47	Apr-18	2000 feet	continental subsurface	Deep Mine Microbial Observatory	fracture fluid	USA: Sanford Underground Research Facility, Lead, SD	DeMMO	44.35 N 103.76 W
DeMMO3_65	Proteobacteria bacterium	DeMMO3_65	Apr-18	2000 feet	continental subsurface	Deep Mine Microbial Observatory	fracture fluid	USA: Sanford Underground Research Facility, Lead, SD	DeMMO	44.35 N 103.76 W
DeMMO3_90	Thermodesulfovibrionales bacterium	DeMMO3_90	Apr-18	2000 feet	continental subsurface	Deep Mine Microbial Observatory	fracture fluid	USA: Sanford Underground Research Facility, Lead, SD	DeMMO	44.35 N 103.76 W
DeMMO3_33	archaeon	DeMMO3_33	Apr-18	2000 feet	continental subsurface	Deep Mine Microbial Observatory	fracture fluid	USA: Sanford Underground Research Facility, Lead, SD	DeMMO	44.35 N 103.76 W
DeMMO3_18	Actinobacteria bacterium	DeMMO3_18	Apr-18	2000 feet	continental subsurface	Deep Mine Microbial Observatory	fracture fluid	USA: Sanford Underground Research Facility, Lead, SD	DeMMO	44.35 N 103.76 W
DeMMO3_79	Chloroflexi bacterium	DeMMO3_79	Apr-18	2000 feet	continental subsurface	Deep Mine Microbial Observatory	fracture fluid	USA: Sanford Underground Research Facility, Lead, SD	DeMMO	44.35 N 103.76 W
DeMMO3_63	bacterium	DeMMO3_63	Apr-18	2000 feet	continental subsurface	Deep Mine Microbial Observatory	fracture fluid	USA: Sanford Underground Research Facility, Lead, SD	DeMMO	44.35 N 103.76 W
DeMMO3_86	Deltaproteobacteria bacterium	DeMMO3_86	Apr-18	2000 feet	continental subsurface	Deep Mine Microbial Observatory	fracture fluid	USA: Sanford Underground Research Facility, Lead, SD	DeMMO	44.35 N 103.76 W
DeMMO3_41	Anaerolineales bacterium	DeMMO3_41	Apr-18	2000 feet	continental subsurface	Deep Mine Microbial Observatory	fracture fluid	USA: Sanford Underground Research Facility, Lead, SD	DeMMO	44.35 N 103.76 W
DeMMO3_68	Phycisphaerae bacterium	DeMMO3_68	Apr-18	2000 feet	continental subsurface	Deep Mine Microbial Observatory	fracture fluid	USA: Sanford Underground Research Facility, Lead, SD	DeMMO	44.35 N 103.76 W
DeMMO3_7	Candidatus Goldbacteria bacterium	DeMMO3_7	Apr-18	2000 feet	continental subsurface	Deep Mine Microbial Observatory	fracture fluid	USA: Sanford Underground Research Facility, Lead, SD	DeMMO	44.35 N 103.76 W
DeMMO3_32	Syntrophobacterales bacterium	DeMMO3_32	Apr-18	2000 feet	continental subsurface	Deep Mine Microbial Observatory	fracture fluid	USA: Sanford Underground Research Facility, Lead, SD	DeMMO	44.35 N 103.76 W
DeMMO3_94	bacterium	DeMMO3_94	Apr-18	2000 feet	continental subsurface	Deep Mine Microbial Observatory	fracture fluid	USA: Sanford Underground Research Facility, Lead, SD	DeMMO	44.35 N 103.76 W
DeMMO3_99	candidate division Zixibacteria bacterium	DeMMO3_99	Apr-18	2000 feet	continental subsurface	Deep Mine Microbial Observatory	fracture fluid	USA: Sanford Underground Research Facility, Lead, SD	DeMMO	44.35 N 103.76 W
DeMMO3_88	Candidatus Omnitrophica bacterium	DeMMO3_88	Apr-18	2000 feet	continental subsurface	Deep Mine Microbial Observatory	fracture fluid	USA: Sanford Underground Research Facility, Lead, SD	DeMMO	44.35 N 103.76 W
DeMMO3_22	Candidatus Eisenbacteria sp.	DeMMO3_22	Apr-18	2000 feet	continental subsurface	Deep Mine Microbial Observatory	fracture fluid	USA: Sanford Underground Research Facility, Lead, SD	DeMMO	44.35 N 103.76 W
DeMMO3_58	Candidatus Pacebacteria bacterium	DeMMO3_58	Apr-18	2000 feet	continental subsurface	Deep Mine Microbial Observatory	fracture fluid	USA: Sanford Underground Research Facility, Lead, SD	DeMMO	44.35 N 103.76 W
DeMMO3_9	Bacteroidetes bacterium	DeMMO3_9	Apr-18	2000 feet	continental subsurface	Deep Mine Microbial Observatory	fracture fluid	USA: Sanford Underground Research Facility, Lead, SD	DeMMO	44.35 N 103.76 W
DeMMO3_69	bacterium	DeMMO3_69	Apr-18	2000 feet	continental subsurface	Deep Mine Microbial Observatory	fracture fluid	USA: Sanford Underground Research Facility, Lead, SD	DeMMO	44.35 N 103.76 W
DeMMO3_83	Candidatus Omnitrophica bacterium	DeMMO3_83	Apr-18	2000 feet	continental subsurface	Deep Mine Microbial Observatory	fracture fluid	USA: Sanford Underground Research Facility, Lead, SD	DeMMO	44.35 N 103.76 W
DeMMO3_81	Bacteroidetes bacterium	DeMMO3_81	Apr-18	2000 feet	continental subsurface	Deep Mine Microbial Observatory	fracture fluid	USA: Sanford Underground Research Facility, Lead, SD	DeMMO	44.35 N 103.76 W
DeMMO3_71	bacterium	DeMMO3_71	Apr-18	2000 feet	continental subsurface	Deep Mine Microbial Observatory	fracture fluid	USA: Sanford Underground Research Facility, Lead, SD	DeMMO	44.35 N 103.76 W
DeMMO3_84	Actinobacteria bacterium	DeMMO3_84	Apr-18	2000 feet	continental subsurface	Deep Mine Microbial Observatory	fracture fluid	USA: Sanford Underground Research Facility, Lead, SD	DeMMO	44.35 N 103.76 W
DeMMO3_98	Thermodesulfovibrionia bacterium	DeMMO3_98	Apr-18	2000 feet	continental subsurface	Deep Mine Microbial Observatory	fracture fluid	USA: Sanford Underground Research Facility, Lead, SD	DeMMO	44.35 N 103.76 W
DeMMO3_66	Planctomycetes bacterium	DeMMO3_66	Apr-18	2000 feet	continental subsurface	Deep Mine Microbial Observatory	fracture fluid	USA: Sanford Underground Research Facility, Lead, SD	DeMMO	44.35 N 103.76 W
DeMMO3_34	bacterium	DeMMO3_34	Apr-18	2000 feet	continental subsurface	Deep Mine Microbial Observatory	fracture fluid	USA: Sanford Underground Research Facility, Lead, SD	DeMMO	44.35 N 103.76 W
DeMMO3_55	Thiobacillus sp.	DeMMO3_55	Apr-18	2000 feet	continental subsurface	Deep Mine Microbial Observatory	fracture fluid	USA: Sanford Underground Research Facility, Lead, SD	DeMMO	44.35 N 103.76 W
DeMMO3_4	Ignavibacteriales bacterium	DeMMO3_4	Apr-18	2000 feet	continental subsurface	Deep Mine Microbial Observatory	fracture fluid	USA: Sanford Underground Research Facility, Lead, SD	DeMMO	44.35 N 103.76 W
DeMMO3_51	Anaerolineales bacterium	DeMMO3_51	Apr-18	2000 feet	continental subsurface	Deep Mine Microbial Observatory	fracture fluid	USA: Sanford Underground Research Facility, Lead, SD	DeMMO	44.35 N 103.76 W
DeMMO3_43	Candidatus Saganbacteria bacterium	DeMMO3_43	Apr-18	2000 feet	continental subsurface	Deep Mine Microbial Observatory	fracture fluid	USA: Sanford Underground Research Facility, Lead, SD	DeMMO	44.35 N 103.76 W
DeMMO3_20	archaeon	DeMMO3_20	Apr-18	2000 feet	continental subsurface	Deep Mine Microbial Observatory	fracture fluid	USA: Sanford Underground Research Facility, Lead, SD	DeMMO	44.35 N 103.76 W
DeMMO3_91	Candidatus Thermoplasmatota archaeon	DeMMO3_91	Apr-18	2000 feet	continental subsurface	Deep Mine Microbial Observatory	fracture fluid	USA: Sanford Underground Research Facility, Lead, SD	DeMMO	44.35 N 103.76 W
DeMMO3_29	Anaerolineales bacterium	DeMMO3_29	Apr-18	2000 feet	continental subsurface	Deep Mine Microbial Observatory	fracture fluid	USA: Sanford Underground Research Facility, Lead, SD	DeMMO	44.35 N 103.76 W
DeMMO3_2	Calditrichaeota bacterium	DeMMO3_2	Apr-18	2000 feet	continental subsurface	Deep Mine Microbial Observatory	fracture fluid	USA: Sanford Underground Research Facility, Lead, SD	DeMMO	44.35 N 103.76 W
DeMMO3_85	Bacteroidetes bacterium	DeMMO3_85	Apr-18	2000 feet	continental subsurface	Deep Mine Microbial Observatory	fracture fluid	USA: Sanford Underground Research Facility, Lead, SD	DeMMO	44.35 N 103.76 W
DeMMO3_38	bacterium	DeMMO3_38	Apr-18	2000 feet	continental subsurface	Deep Mine Microbial Observatory	fracture fluid	USA: Sanford Underground Research Facility, Lead, SD	DeMMO	44.35 N 103.76 W
DeMMO3_3	candidate division Zixibacteria bacterium	DeMMO3_3	Apr-18	2000 feet	continental subsurface	Deep Mine Microbial Observatory	fracture fluid	USA: Sanford Underground Research Facility, Lead, SD	DeMMO	44.35 N 103.76 W
DeMMO3_52	Candidatus Brocadiae bacterium	DeMMO3_52	Apr-18	2000 feet	continental subsurface	Deep Mine Microbial Observatory	fracture fluid	USA: Sanford Underground Research Facility, Lead, SD	DeMMO	44.35 N 103.76 W
DeMMO3_57	Candidatus Woesebacteria bacterium	DeMMO3_57	Apr-18	2000 feet	continental subsurface	Deep Mine Microbial Observatory	fracture fluid	USA: Sanford Underground Research Facility, Lead, SD	DeMMO	44.35 N 103.76 W
