site,genome,domain,phylum,class,order,family,genus,species
D1,8,Archaea,Nanoarchaeota,Woesearchaeia,Pacearchaeales,CG1-02-32-21,,
D1,7,Archaea,Nanoarchaeota,Woesearchaeia,UBA10200,UBA10200,,
D1,25,Archaea,Micrarchaeota,Micrarchaeia,UBA10214,UBA10161,,
D1,24,Archaea,Euryarchaeota,Methanobacteria,Methanobacteriales,Methanobacteriaceae,UBA349,
D1,13,Bacteria,Proteobacteria,Gammaproteobacteria,Betaproteobacteriales,Burkholderiaceae,Variovorax,Variovorax paradoxus_B
D1,10,Bacteria,Proteobacteria,Alphaproteobacteria,Caulobacterales,Caulobacteraceae,Brevundimonas,Brevundimonas sp5
D1,1,Bacteria,Proteobacteria,Gammaproteobacteria,Pseudomonadales,Pseudomonadaceae,Pseudomonas_E,GCF_000510915.2
D1,22,Bacteria,Patescibacteria,Paceibacteria,UBA9983,UBA9983,,
D1,18,Bacteria,Patescibacteria,Paceibacteria,UBA9983,,,
D1,16,Bacteria,Patescibacteria,ABY1,UBA2591,,,
D1,11,Bacteria,Patescibacteria,ABY1,Uhrbacterales,2-12-FULL-60-25,2-12-FULL-60-25,
D1,23,Bacteria,Patescibacteria,ABY1,UBA1544,,,
D1,9,Bacteria,Omnitrophota,koll11,UBA1572,UBA1572,um-filter-44-12,
D1,14,Bacteria,UBA9089,UBA9088,UBA9088,,,
D1,6,Bacteria,UBA9089,CG2-30-40-21,CG2-30-40-21,CG2-30-40-21,,
D1,19,Bacteria,Verrucomicrobiota,Chlamydiia,Parachlamydiales,,,
D1,3,Bacteria,Verrucomicrobiota,Lentisphaeria,UBA1784,GWF2-50-93,,
D1,20,Bacteria,Desulfobacterota,Desulfovibrionia,Desulfovibrionales,Desulfovibrionaceae,Desulfovibrio_P,
D1,17,Bacteria,Nitrospirota,Nitrospiria,HDB-SIOI813,HDB-SIOI813,,
D1,5,Bacteria,Proteobacteria,Alphaproteobacteria,Rhizobiales,Xanthobacteraceae,Afipia,
D1,12,Bacteria,Proteobacteria,Gammaproteobacteria,Betaproteobacteriales,Hydrogenophilaceae,Thiobacillus,
D1,15,Bacteria,Proteobacteria,Gammaproteobacteria,Betaproteobacteriales,Gallionellaceae,Sideroxydans,
D1,2,Bacteria,Proteobacteria,Gammaproteobacteria,Betaproteobacteriales,Gallionellaceae,,
D1,21,Bacteria,Proteobacteria,Gammaproteobacteria,Betaproteobacteriales,Gallionellaceae,Gallionella,
D1,4,Bacteria,Proteobacteria,Gammaproteobacteria,Betaproteobacteriales,Burkholderiaceae,Aquabacterium,
D2,30,Archaea,Nanoarchaeota,Woesearchaeia,SM23-78,SM23-78,,
D2,15,Archaea,Nanoarchaeota,Woesearchaeia,SM23-78,UBA9642,UBA9642,
D2,77,Archaea,Nanoarchaeota,Woesearchaeia,UBA12501,UBA11576,,
D2,42,Archaea,Nanoarchaeota,Woesearchaeia,GW2011-AR15,GW2011-AR15,,
D2,14,Archaea,Micrarchaeota,Micrarchaeia,UBA8480,UBA97,,
D2,7,Archaea,Micrarchaeota,Micrarchaeia,UBA10214,UBA10161,,
D2,26,Archaea,Micrarchaeota,Micrarchaeia,UBA10214,,,
D2,91,Archaea,Micrarchaeota,Iainarchaeia,0-14-0-20-30-16,,,
D2,69,Archaea,Micrarchaeota,Iainarchaeia,Iainarchaeales,,,
D2,21,Archaea,Micrarchaeota,Iainarchaeia,Iainarchaeales,GCA-2688035,,
D2,50,Archaea,Micrarchaeota,Iainarchaeia,Iainarchaeales,1-14-0-10-31-34,1-14-0-10-31-34,
D2,43,Archaea,Thermoplasmatota,Thermoplasmata_A,UBA10834,UBA10834,COMBO-56-21,
D2,90,Bacteria,Patescibacteria,Microgenomatia,UBA10105,UBA927,,
D2,52,Bacteria,Patescibacteria,Microgenomatia,UBA10105,,,
D2,35,Bacteria,Patescibacteria,Microgenomatia,Shapirobacterales,UBA12405,UBA12158,
D2,98,Bacteria,Patescibacteria,Microgenomatia,GWA2-44-7,Amesbacteraceae,,
D2,75,Bacteria,Patescibacteria,Microgenomatia,UBA1400,,,
D2,25,Bacteria,Patescibacteria,Berkelbacteria,2-12-FULL-50-11,,,
D2,61,Bacteria,Patescibacteria,Berkelbacteria,,,,
D2,60,Bacteria,Patescibacteria,Paceibacteria,UBA6257,Jorgensenbacteraceae,,
D2,38,Bacteria,Patescibacteria,Paceibacteria,UBA6257,2-01-FULL-56-20,,
D2,85,Bacteria,Patescibacteria,Paceibacteria,UBA9983,UBA12445,,
D2,19,Bacteria,Patescibacteria,Paceibacteria,UBA9983,Vogelbacteraceae,,
D2,71,Bacteria,Patescibacteria,Paceibacteria,UBA9983,Nomurabacteraceae,UBA9973,
D2,62,Bacteria,Patescibacteria,Paceibacteria,UBA9983,Nomurabacteraceae,UBA9973,
D2,78,Bacteria,Patescibacteria,Paceibacteria,UBA9983,,,
D2,55,Bacteria,Patescibacteria,Paceibacteria,Ryanbacterales,GWA2-47-10b,,
D2,41,Bacteria,Patescibacteria,ABY1,UBA2591,uenenbacteria-1,uenenbacteria-1,
D2,84,Bacteria,Patescibacteria,ABY1,Falkowbacterales,GWE2-39-37,,
D2,92,Bacteria,Patescibacteria,ABY1,Falkowbacterales,UBA917,,
D2,82,Bacteria,Patescibacteria,ABY1,Falkowbacterales,UBA12465,UBA12465,
D2,48,Bacteria,Patescibacteria,ABY1,Falkowbacterales,UBA12465,UBA12465,
D2,27,Bacteria,Patescibacteria,ABY1,Uhrbacterales,GWF2-40-263,,
D2,29,Bacteria,Patescibacteria,ABY1,XYB2-FULL-38-15,,,
D2,23,Bacteria,Patescibacteria,ABY1,Veblenbacterales,UBA10138,,
D2,86,Bacteria,Patescibacteria,ABY1,Veblenbacterales,,,
D2,33,Bacteria,Omnitrophota,UBA9649,UBA9649,UBA9649,2-02-FULL-67-20,
D2,11,Bacteria,Omnitrophota,koll11,1-14-0-20-42-13,,,
D2,87,Bacteria,Omnitrophota,koll11,UBA1572,UBA1572,um-filter-44-12,
D2,40,Bacteria,Omnitrophota,koll11,UBA1572,UBA1572,um-filter-44-12,
D2,20,Bacteria,Omnitrophota,koll11,UBA1572,,,
D2,59,Bacteria,Omnitrophota,koll11,GIF10,UBA6249,UBA6249,
D2,66,Bacteria,Omnitrophota,koll11,GIF10,UBA6249,UBA6249,
D2,49,Bacteria,Omnitrophota,koll11,GIF10,UBA6249,GCA-002774445,
D2,68,Bacteria,Omnitrophota,koll11,GIF10,UBA6249,GCA-002774445,
D2,5,Bacteria,Omnitrophota,koll11,UBA1560,2-01-FULL-45-10,,
D2,44,Bacteria,Omnitrophota,koll11,UBA10183,UBA10183,UBA10183,
D2,72,Bacteria,Omnitrophota,4484-49,,,,
D2,79,Bacteria,Eisenbacteria,RBG-16-71-46,,,,
D2,100,Bacteria,UBP1,PRR-12,LZORAL124-64-63,LZORAL124-64-63,um-filter-65-15,
D2,74,Bacteria,Zixibacteria,MSB-5A5,,,,
D2,93,Bacteria,Zixibacteria,MSB-5A5,,,,
D2,6,Bacteria,Zixibacteria,MSB-5A5,Zixibacteria-1,Zixibacteria-1,,
D2,96,Bacteria,Zixibacteria,MSB-5A5,Zixibacteria-1,,,
D2,39,Bacteria,Zixibacteria,MSB-5A5,,,,
D2,37,Bacteria,Zixibacteria,MSB-5A5,,,,
D2,4,Bacteria,Bacteroidota,UBA10030,UBA10030,,,
D2,67,Bacteria,Bacteroidota,UBA10030,UBA10030,UBA8401,,
D2,22,Bacteria,Bacteroidota,UBA10030,UBA10030,UBA10030,UBA9647,
D2,56,Bacteria,Bacteroidota,Ignavibacteria,Ignavibacteriales,Melioribacteraceae,navibacteriae-3,
D2,18,Bacteria,Bacteroidota,Ignavibacteria,Ignavibacteriales,Ignavibacteriaceae,UBA1563,
D2,36,Bacteria,AABM5-125-24,AABM5-125-24,,,,
D2,58,Bacteria,Latescibacterota,UBA2968,UBA8231,,,
D2,28,Bacteria,Planctomycetota,UBA8742,,,,
D2,94,Bacteria,Planctomycetota,Brocadiae,,,,
D2,80,Bacteria,Planctomycetota,Brocadiae,SM23-32,,,
D2,2,Bacteria,Planctomycetota,Phycisphaerae,UBA1845,UBA1845,,
D2,9,Bacteria,Planctomycetota,Phycisphaerae,UBA1845,,,
D2,57,Bacteria,Acidobacteriota,Luteitaleia,,,,
D2,88,Bacteria,Acidobacteriota,Thermoanaerobaculia,UBA5066,UBA5066,,
D2,53,Bacteria,Desulfobacterota,Desulfobulbia,Desulfobulbales,Desulfurivibrionaceae,UBA2262,
D2,17,Bacteria,Desulfobacterota,Desulfobulbia,Desulfobulbales,Desulfurivibrionaceae,,
D2,81,Bacteria,Desulfobacterota,Desulfobulbia,,,,
D2,32,Bacteria,Desulfobacterota,Desulfobacteria,Desulfobacterales,BuS5,,
D2,83,Bacteria,Desulfobacterota,Desulfobacteria,Desulfobacterales,Desulfococcaceae_A,,
D2,95,Bacteria,Desulfobacterota,Desulfobacteria,Desulfobacterales,Desulfococcaceae_A,,
D2,31,Bacteria,Desulfobacterota,Desulfobacteria,Desulfobacterales,YD0425bin50,,
D2,97,Bacteria,Desulfobacterota,Desulfobacteria,Desulfobacterales,Desulfobacteraceae,,
D2,10,Bacteria,Desulfobacterota,Desulfobacteria,Desulfobacterales,Desulfatibacillaceae,,
D2,24,Bacteria,Desulfobacterota,Desulfarculia,Adiutricales,,,
D2,45,Bacteria,Desulfobacterota,Desulfobaccia,RBG-13-43-22,,,
D2,51,Bacteria,Desulfobacterota,Syntrophia,Syntrophales,CG2-30-49-12,CG2-30-49-12,
D2,89,Bacteria,Desulfobacterota,Syntrophia,Syntrophales,UBA5619,UBA5619,
D2,70,Bacteria,UBA10199,UBA10199,GCA-002796325,1-14-0-20-49-13,,
D2,63,Bacteria,UBA10199,UBA10199,GCA-002796325,1-14-0-20-49-13,,
D2,8,Bacteria,MBNT15,MBNT15,MBNT15,MBNT15,CG2-30-66-27,
D2,54,Bacteria,MBNT15,MBNT15,MBNT15,MBNT15,RBG-16-64-85,
D2,64,Bacteria,MBNT15,MBNT15,MBNT15,,,
D2,3,Bacteria,Nitrospirota,Thermodesulfovibrionia,UBA6902,UBA6902,,
D2,73,Bacteria,Nitrospirota,Thermodesulfovibrionia,UBA6902,UBA6902,,
D2,47,Bacteria,Nitrospirota,Thermodesulfovibrionia,UBA6902,UBA6902,,
D2,13,Bacteria,Nitrospirota,Thermodesulfovibrionia,Thermodesulfovibrionales,UBA6898,,
D2,12,Bacteria,Nitrospirota,Thermodesulfovibrionia,Thermodesulfovibrionales,UBA6898,,
D2,1,Bacteria,Proteobacteria,Gammaproteobacteria,Thiotrichales,Thiotrichaceae,Thiothrix,
D2,99,Bacteria,Proteobacteria,Gammaproteobacteria,Betaproteobacteriales,Hydrogenophilaceae,UBA3361,
D2,16,Bacteria,Proteobacteria,Gammaproteobacteria,Betaproteobacteriales,Hydrogenophilaceae,Thiobacillus,
D2,34,Bacteria,Proteobacteria,Gammaproteobacteria,Betaproteobacteriales,Gallionellaceae,Sideroxydans,
D2,76,Bacteria,Proteobacteria,Gammaproteobacteria,Betaproteobacteriales,Gallionellaceae,Sideroxydans,
D2,46,Bacteria,Proteobacteria,Gammaproteobacteria,Betaproteobacteriales,Rhodocyclaceae,Sulfuritalea,
D2,65,Bacteria,Proteobacteria,Gammaproteobacteria,Betaproteobacteriales,Burkholderiaceae,Thiomonas,
D3,40,Archaea,Nanoarchaeota,Woesearchaeia,Pacearchaeales,GW2011-AR1,,
D3,20,Archaea,Nanoarchaeota,Woesearchaeia,ARS49,GCA-2687275,,
D3,37,Archaea,Nanoarchaeota,Woesearchaeia,UBA12501,UBA10107,,
D3,27,Archaea,Nanoarchaeota,Woesearchaeia,UBA12501,UBA11576,,
D3,35,Archaea,Nanoarchaeota,Woesearchaeia,GW2011-AR9,GW2011-AR9,um-filter-33-13,
D3,70,Archaea,Micrarchaeota,Micrarchaeia,UBA8480,UBA8480,,
D3,13,Archaea,Micrarchaeota,Micrarchaeia,UBA10214,UBA10214,,
D3,33,Archaea,Micrarchaeota,Micrarchaeia,UBA10214,UBA10214,,
D3,23,Archaea,Micrarchaeota,Micrarchaeia,UBA10214,UBA10214,,
D3,25,Archaea,Micrarchaeota,Iainarchaeia,Iainarchaeales,GCA-2688035,,
D3,24,Archaea,Micrarchaeota,Iainarchaeia,,,,
D3,39,Archaea,Thermoplasmatota,CG49143,CG49143,CG49143,CG49143,
D3,91,Archaea,Thermoplasmatota,E2,hermoplasmata-2,hermoplasmata-2,hermoplasmata-2,
D3,59,Bacteria,Chloroflexota,Anaerolineae,Anaerolineales,Anaerolineaceae,UBA6170,UBA6170 sp1
D3,41,Bacteria,Chloroflexota,Anaerolineae,Anaerolineales,Anaerolineaceae,UBA4781,
D3,29,Bacteria,Chloroflexota,Anaerolineae,Anaerolineales,UBA4823,RBG-16-57-11,
D3,51,Bacteria,Chloroflexota,Anaerolineae,Anaerolineales,UBA4823,,
D3,53,Bacteria,Chloroflexota,Anaerolineae,Anaerolineales,UBA4823,,
D3,79,Bacteria,Chloroflexota,,,,,
D3,61,Bacteria,Patescibacteria,Dojkabacteria,SC72,GCA-002793355,GCA-002793355,
D3,57,Bacteria,Patescibacteria,Microgenomatia,UBA10105,UBA927,XYB1-FULL-47-11,
D3,28,Bacteria,Patescibacteria,Microgenomatia,Shapirobacterales,UBA12405,UBA12158,
D3,54,Bacteria,Patescibacteria,Microgenomatia,UBA1400,Collierbacteraceae,UBA10133,
D3,50,Bacteria,Patescibacteria,Microgenomatia,UBA1400,,,
D3,72,Bacteria,Patescibacteria,Microgenomatia,UBA1400,Beckwithbacteraceae,,
D3,46,Bacteria,Patescibacteria,Paceibacteria,,,,
D3,58,Bacteria,Patescibacteria,Paceibacteria,UBA6257,1-14-0-10-40-38,,
D3,67,Bacteria,Patescibacteria,Paceibacteria,UBA9983,UBA9983,,
D3,64,Bacteria,Patescibacteria,Paceibacteria,Paceibacterales,CG1-02-41-26,,
D3,78,Bacteria,Patescibacteria,ABY1,,,,
D3,82,Bacteria,Patescibacteria,ABY1,UBA2591,uenenbacteria-1,uenenbacteria-1,
D3,94,Bacteria,Patescibacteria,ABY1,Magasanikibacterales,UBA10003,UBA10003,
D3,34,Bacteria,Patescibacteria,ABY1,Uhrbacterales,GWF2-40-263,,
D3,36,Bacteria,Patescibacteria,ABY1,Uhrbacterales,GWF2-40-263,UBA12403,
D3,42,Bacteria,Patescibacteria,ABY1,Uhrbacterales,UBA9934,UBA11707,
D3,69,Bacteria,Patescibacteria,ABY1,Veblenbacterales,UBA10138,,
D3,38,Bacteria,Patescibacteria,Gracilibacteria,Peregrinibacterales,LOWO2-01-FULL-3,2-01-FULL-39-12,
D3,63,Bacteria,Patescibacteria,Gracilibacteria,Peregrinibacterales,UBA1369,,
D3,60,Bacteria,Actinobacteriota,RBG-13-55-18,ctinobacteria-3,ctinobacteria-3,,
D3,84,Bacteria,Actinobacteriota,UBA9087,UBA9087,,,
D3,18,Bacteria,Actinobacteriota,,,,,
D3,11,Bacteria,Actinobacteriota,Thermoleophilia,,,,
D3,96,Bacteria,Actinobacteriota,UBA4738,,,,
D3,65,Bacteria,Firmicutes_E,DTU015,UBA9673,UBA9673,,
D3,76,Bacteria,Firmicutes_E,DTU015,UBA9673,UBA9673,,
D3,49,Bacteria,Firmicutes_E,DTU015,UBA995,,,
D3,74,Bacteria,Firmicutes_E,DTU015,UBA8153,,,
D3,43,Bacteria,Margulisbacteria,WOR-1,O2-12-FULL-45-9,XYB2-FULL-48-7,2-01-FULL-53-15,
D3,47,Bacteria,Margulisbacteria,WOR-1,O2-12-FULL-45-9,,,
D3,56,Bacteria,Fusobacteriota,,,,,
D3,17,Bacteria,Omnitrophota,koll11,UBA10015,kpj58rc,,
D3,19,Bacteria,Omnitrophota,koll11,UBA1572,UBA1572,UBA9636,
D3,48,Bacteria,Omnitrophota,koll11,GIF10,UBA6249,UBA1562,
D3,44,Bacteria,Omnitrophota,koll11,GIF10,UBA6249,UBA6249,
D3,15,Bacteria,Omnitrophota,koll11,UBA6215,,,
D3,88,Bacteria,Omnitrophota,koll11,UBA1560,2-01-FULL-45-10,2-01-FULL-45-10,
D3,87,Bacteria,Omnitrophota,koll11,UBA1560,2-01-FULL-45-10,2-01-FULL-45-10,
D3,83,Bacteria,Omnitrophota,koll11,UBA10183,,,
D3,71,Bacteria,UBA9089,CG2-30-40-21,CG2-30-40-21,CG2-30-40-21,,
D3,73,Bacteria,Elusimicrobiota,Elusimicrobia,UBA1565,UBA9628,UBA9628,
D3,7,Bacteria,Goldbacteria-1,Goldbacteria-1,,,,
D3,22,Bacteria,Eisenbacteria,RBG-16-71-46,,,,
D3,1,Bacteria,Edwardsbacteria,AC1,AC1,EtOH8,UBA2226,
D3,99,Bacteria,Zixibacteria,MSB-5A5,Zixibacteria-1,,,
D3,21,Bacteria,Zixibacteria,MSB-5A5,,,,
D3,3,Bacteria,Zixibacteria,MSB-5A5,,,,
D3,85,Bacteria,Bacteroidota,UBA10030,UBA10030,,,
D3,9,Bacteria,Bacteroidota,UBA10030,UBA10030,UBA8401,,
D3,81,Bacteria,Bacteroidota,UBA10030,UBA10030,UBA10030,,
D3,6,Bacteria,Bacteroidota,Ignavibacteria,Ignavibacteriales,Melioribacteraceae,,
D3,4,Bacteria,Bacteroidota,Ignavibacteria,Ignavibacteriales,Ignavibacteriaceae,,
D3,5,Bacteria,Bacteroidota,Bacteroidia,Bacteroidales,Lentimicrobiaceae,,
D3,2,Bacteria,AABM5-125-24,AABM5-125-24,,,,
D3,89,Bacteria,OLB16,OLB16,OLB16,OLB16,,
D3,45,Bacteria,Planctomycetota,Brocadiae,,,,
D3,52,Bacteria,Planctomycetota,Brocadiae,,,,
D3,66,Bacteria,Planctomycetota,,,,,
D3,68,Bacteria,Planctomycetota,Phycisphaerae,SG8-4,SG8-4,PLanc-01,
D3,77,Bacteria,Planctomycetota,Phycisphaerae,SG8-4,SG8-4,,
D3,10,Bacteria,Spirochaetota,Brevinematia,Brevinematales,GWF1-51-8,,
D3,97,Bacteria,Desulfobacterota,Desulfobulbia,Desulfobulbales,Desulfurivibrionaceae,,
D3,62,Bacteria,Desulfobacterota,Desulfobulbia,Desulfobulbales,Desulfobulbaceae,UBA10518,
D3,93,Bacteria,Desulfobacterota,Desulfobulbia,Desulfobulbales,Desulfobulbaceae,UBA10518,
D3,86,Bacteria,Desulfobacterota,Desulfobulbia,Desulfobulbales,Desulfobulbaceae,UBA10518,
D3,14,Bacteria,Desulfobacterota,Desulfobulbia,,,,
D3,16,Bacteria,Desulfobacterota,Desulfobacteria,Desulfobacterales,UBA5616,,
D3,32,Bacteria,Desulfobacterota,Desulfobaccia,Desulfobaccales,0-14-0-80-60-11,0-14-0-80-60-11,
D3,31,Bacteria,Desulfobacterota,Desulfomonilia,UBA1062,UBA1062,,
D3,95,Bacteria,UBA10199,UBA10199,2-02-FULL-44-16,,,
D3,100,Bacteria,MBNT15,MBNT15,MBNT15,MBNT15,CG2-30-66-27,
D3,80,Bacteria,MBNT15,MBNT15,MBNT15,MBNT15,,
D3,26,Bacteria,Nitrospirota,Thermodesulfovibrionia,UBA6902,UBA6902,UBA6902,
D3,98,Bacteria,Nitrospirota,Thermodesulfovibrionia,UBA6902,UBA6902,,
D3,75,Bacteria,Nitrospirota,Thermodesulfovibrionia,UBA6902,UBA6902,,
D3,92,Bacteria,Nitrospirota,Thermodesulfovibrionia,Thermodesulfovibrionales,SM23-35,,
D3,30,Bacteria,Nitrospirota,Thermodesulfovibrionia,Thermodesulfovibrionales,SM23-35,,
D3,90,Bacteria,Nitrospirota,Thermodesulfovibrionia,Thermodesulfovibrionales,UBA1546,UBA1546,
D3,8,Bacteria,Nitrospirota,UBA9217,UBA9217,UBA9217,,
D3,55,Bacteria,Proteobacteria,Gammaproteobacteria,Betaproteobacteriales,Hydrogenophilaceae,Thiobacillus,
D3,12,Bacteria,Proteobacteria,Gammaproteobacteria,Betaproteobacteriales,Gallionellaceae,Sideroxydans,
D4,9,Archaea,Hadesarchaeota,YNP-45,YNP-45,YNP-45,,
D4,27,Archaea,Thermoplasmatota,CG49143,CG49143,CG49143,CG49143,
D4,28,Archaea,Thermoplasmatota,CG49143,CG49143,,,
D4,34,Archaea,Thermoplasmatota,Thermoplasmata_A,UBA10834,UBA10834,RBG-16-62-10,
D4,29,Archaea,Halobacterota,Methanosarcinia,Methanosarcinales,Methanoperedenaceae,Methanoperedens,
D4,25,Bacteria,Proteobacteria,Gammaproteobacteria,Betaproteobacteriales,Burkholderiaceae,Acidovorax,
D4,13,Bacteria,Proteobacteria,Gammaproteobacteria,Betaproteobacteriales,Rhodocyclaceae,Dechlorosoma,Dechlorosoma suillum
D4,37,Bacteria,Proteobacteria,Alphaproteobacteria,Caulobacterales,Caulobacteraceae,Brevundimonas,Brevundimonas sp5
D4,8,Bacteria,Proteobacteria,Alphaproteobacteria,Sphingomonadales,Sphingomonadaceae,Sphingopyxis,
D4,39,Bacteria,Proteobacteria,Gammaproteobacteria,Betaproteobacteriales,Burkholderiaceae,Aquabacterium,GCA_001770775.1
D4,24,Bacteria,Proteobacteria,Gammaproteobacteria,Betaproteobacteriales,Burkholderiaceae,Aquabacterium,GCA_001770775.1
D4,12,Bacteria,Proteobacteria,Gammaproteobacteria,Betaproteobacteriales,Burkholderiaceae,Aquabacterium,GCA_001770725.1
D4,41,Bacteria,Proteobacteria,Gammaproteobacteria,Betaproteobacteriales,Burkholderiaceae,Acidovorax,
D4,40,Bacteria,Chloroflexota,Anaerolineae,UBA7937,UBA7937,,
D4,23,Bacteria,Patescibacteria,Paceibacteria,UBA6257,Jorgensenbacteraceae,,
D4,32,Bacteria,Patescibacteria,Paceibacteria,UBA9983,,,
D4,35,Bacteria,Patescibacteria,Paceibacteria,Paceibacterales,GBS-2,,
D4,21,Bacteria,Patescibacteria,Paceibacteria,Paceibacterales,GBS-2,,
D4,22,Bacteria,Patescibacteria,ABY1,GCA-002771165,,,
D4,36,Bacteria,Patescibacteria,ABY1,UBA2591,UBA2591,,
D4,20,Bacteria,Patescibacteria,ABY1,UBA2591,uenenbacteria-1,uenenbacteria-1,
D4,26,Bacteria,Actinobacteriota,UBA9087,UBA9087,,,
D4,14,Bacteria,Omnitrophota,koll11,GIF10,UBA6249,,
D4,43,Bacteria,Omnitrophota,koll11,GIF10,UBA6249,,
D4,15,Bacteria,Omnitrophota,koll11,GIF10,UBA6249,,
D4,7,Bacteria,Omnitrophota,koll11,UBA6215,UBA6215,,
D4,10,Bacteria,UBA9089,UBA9088,UBA9088,,,
D4,31,Bacteria,Elusimicrobiota,Elusimicrobia,Elusimicrobiales,,,
D4,6,Bacteria,Gemmatimonadota,GCA-2686955,,,,
D4,4,Bacteria,Bacteroidota,UBA10030,UBA10030,,,
D4,5,Bacteria,Bacteroidota,Ignavibacteria,Ignavibacteriales,Ignavibacteriaceae,,
D4,2,Bacteria,Bacteroidota,Bacteroidia,Bacteroidales,F082,UBA6192,
D4,16,Bacteria,Planctomycetota,Brocadiae,,,,
D4,18,Bacteria,Desulfobacterota,BSN033,BSN033,UBA1163,,
D4,11,Bacteria,Nitrospirota,Thermodesulfovibrionia,Thermodesulfovibrionales,SM23-35,,
D4,33,Bacteria,Nitrospirota,Thermodesulfovibrionia,Thermodesulfovibrionales,SM23-35,,
D4,30,Bacteria,Proteobacteria,Alphaproteobacteria,Parvibaculales,Parvibaculaceae,Parvibaculum,
D4,45,Bacteria,Proteobacteria,Alphaproteobacteria,Caulobacterales,Caulobacteraceae,Brevundimonas,
D4,17,Bacteria,Proteobacteria,Alphaproteobacteria,Sphingomonadales,Sphingomonadaceae,Sphingopyxis,
D4,44,Bacteria,Proteobacteria,Alphaproteobacteria,Reyranellales,Reyranellaceae,Reyranella,
D4,42,Bacteria,Proteobacteria,Alphaproteobacteria,Reyranellales,Reyranellaceae,Reyranella,
D4,1,Bacteria,Proteobacteria,Gammaproteobacteria,Halothiobacillales,Halothiobacillaceae,28-57-27,
D4,3,Bacteria,Proteobacteria,Gammaproteobacteria,Betaproteobacteriales,Hydrogenophilaceae,UBA3361,
D4,38,Bacteria,Proteobacteria,Gammaproteobacteria,Betaproteobacteriales,Rhodocyclaceae,,
D4,19,Bacteria,Proteobacteria,Gammaproteobacteria,Betaproteobacteriales,Rhodocyclaceae,,
D5,51,Archaea,JdFR-18,JdFR-18,JdFR-18,,,
D5,44,Archaea,JdFR-18,JdFR-18,JdFR-18,,,
D5,50,Archaea,Hadesarchaeota,YNP-45,YNP-45,YNP-45,,
D5,54,Archaea,Thermoplasmatota,CG49143,CG49143,,,
D5,17,Archaea,Thermoplasmatota,Thermoplasmata_A,UBA10834,UBA10834,COMBO-56-21,
D5,32,Archaea,Halobacterota,Methanosarcinia,Methanosarcinales,Methanoperedenaceae,Methanoperedens,
D5,35,Bacteria,Proteobacteria,Gammaproteobacteria,Ectothiorhodospirales,Thioalkalivibrionaceae,Thioalkalivibrio,GCF_000025545.1
D5,46,Bacteria,Patescibacteria,,,,,
D5,45,Bacteria,Patescibacteria,Kazan,,,,
D5,18,Bacteria,Patescibacteria,Paceibacteria,UBA6257,Jorgensenbacteraceae,,
D5,37,Bacteria,Patescibacteria,Paceibacteria,UBA6257,,,
D5,41,Bacteria,Patescibacteria,Paceibacteria,UBA6257,Brennerbacteraceae,,
D5,43,Bacteria,Patescibacteria,Paceibacteria,UBA9983,UBA9983,,
D5,31,Bacteria,Patescibacteria,Paceibacteria,Paceibacterales,GBS-2,,
D5,22,Bacteria,Patescibacteria,Paceibacteria,Paceibacterales,GBS-2,,
D5,21,Bacteria,Patescibacteria,ABY1,GCA-002771165,,,
D5,10,Bacteria,Eremiobacterota,Eremiobacteria,Eremiobacterales,,,
D5,16,Bacteria,Bipolaricaulota,Bipolaricaulia,Bipolaricaulales,Bipolaricaulaceae,Bipolaricaulis,
D5,58,Bacteria,Actinobacteriota,RBG-13-55-18,ctinobacteria-3,ctinobacteria-3,,
D5,5,Bacteria,Actinobacteriota,RBG-13-55-18,ctinobacteria-3,ctinobacteria-3,,
D5,59,Bacteria,Actinobacteriota,UBA9087,UBA10029,UBA10029,UBA10029,
D5,36,Bacteria,Firmicutes_B,Desulfotomaculia,Desulfotomaculales,BRHc4a,,
D5,3,Bacteria,Firmicutes_B,Desulfotomaculia,Desulfotomaculales,,,
D5,38,Bacteria,Firmicutes_B,Desulfotomaculia,Ammonifexales,Ammonificaceae,,
D5,7,Bacteria,Firmicutes_B,Desulfotomaculia,Ammonifexales,Ammonificaceae,,
D5,25,Bacteria,Omnitrophota,koll11,GIF10,UBA6249,,
D5,9,Bacteria,Omnitrophota,koll11,GIF10,UBA6249,UBA1562,
D5,20,Bacteria,Omnitrophota,koll11,GIF10,UBA6249,UBA1562,
D5,14,Bacteria,Omnitrophota,koll11,GIF10,UBA6249,,
D5,15,Bacteria,Omnitrophota,koll11,,,,
D5,33,Bacteria,UBA9089,UBA9088,UBA9088,,,
D5,42,Bacteria,Elusimicrobiota,Endomicrobia,Elusimicrobia-1,Elusimicrobia-1,Elusimicrobia-1,
D5,39,Bacteria,Elusimicrobiota,Elusimicrobia,Elusimicrobiales,UBA9959,UBA2231,
D5,8,Bacteria,Gemmatimonadota,GCA-2686955,,,,
D5,30,Bacteria,UBP1,PRR-12,,,,
D5,6,Bacteria,Bacteroidota,Ignavibacteria,Ignavibacteriales,Ignavibacteriaceae,Ignavibacterium,
D5,4,Bacteria,Bacteroidota,Bacteroidia,Cytophagales,Cyclobacteriaceae,UBA2336,
D5,12,Bacteria,Planctomycetota,Brocadiae,,,,
D5,27,Bacteria,Verrucomicrobiota,Verrucomicrobiae,Opitutales,Opitutaceae,Didemnitutus,
D5,26,Bacteria,Desulfobacterota,Desulfobacteria,Desulfatiglanales,HGW-15,,
D5,56,Bacteria,Desulfobacterota,Desulfobaccia,Desulfobaccales,0-14-0-80-60-11,,
D5,29,Bacteria,Desulfobacterota,BSN033,BSN033,UBA1163,RBG-16-49-23,
D5,28,Bacteria,Desulfobacterota,BSN033,BSN033,UBA1163,,
D5,19,Bacteria,Desulfobacterota,BSN033,UBA8473,UBA8473,UBA8473,
D5,11,Bacteria,Nitrospirota,Thermodesulfovibrionia,Thermodesulfovibrionales,SM23-35,,
D5,34,Bacteria,Nitrospirota,Thermodesulfovibrionia,Thermodesulfovibrionales,SM23-35,,
D5,1,Bacteria,Nitrospirota,Thermodesulfovibrionia,Thermodesulfovibrionales,UBA9935,,
D5,13,Bacteria,Proteobacteria,Alphaproteobacteria,Parvibaculales,Parvibaculaceae,Parvibaculum,
D5,49,Bacteria,Proteobacteria,Alphaproteobacteria,Reyranellales,Reyranellaceae,Reyranella,
D5,47,Bacteria,Proteobacteria,Alphaproteobacteria,Reyranellales,Reyranellaceae,,
D5,52,Bacteria,Proteobacteria,Gammaproteobacteria,UBA5335,UBA5335,,
D5,24,Bacteria,Proteobacteria,Gammaproteobacteria,Betaproteobacteriales,Hydrogenophilaceae,UBA3361,
D5,48,Bacteria,Proteobacteria,Gammaproteobacteria,Betaproteobacteriales,Hydrogenophilaceae,,
D5,40,Bacteria,Proteobacteria,Gammaproteobacteria,Betaproteobacteriales,Rhodocyclaceae,UBA2250,
D5,23,Bacteria,Proteobacteria,Gammaproteobacteria,Betaproteobacteriales,Rhodocyclaceae,,
D5,53,Bacteria,Proteobacteria,Gammaproteobacteria,Betaproteobacteriales,Rhodocyclaceae,,
D5,55,Bacteria,Proteobacteria,Gammaproteobacteria,Betaproteobacteriales,Burkholderiaceae,,
D5,2,Bacteria,Proteobacteria,Gammaproteobacteria,Pseudomonadales,Ketobacteraceae,,
D6,31,Bacteria,UBP1,PRR-12,SSS58A,SSS58A,SSS58A,GCA_002403075.1
D6,66,Bacteria,Chloroflexota,Anaerolineae,Anaerolineales,Anaerolineaceae,UBA6170,UBA6170 sp1
D6,37,Bacteria,Chloroflexota,Dehalococcoidia,Dehalococcoidales,UBA3254,,
D6,85,Bacteria,Chloroflexota,Anaerolineae,Anaerolineales,envOPS12,,
D6,70,Bacteria,Chloroflexota,Anaerolineae,Anaerolineales,envOPS12,,
D6,15,Bacteria,Chloroflexota,Anaerolineae,Anaerolineales,envOPS12,OLB14,
D6,11,Bacteria,Chloroflexota,Anaerolineae,Anaerolineales,envOPS12,UBA8950,
D6,16,Bacteria,Chloroflexota,Anaerolineae,Anaerolineales,Anaerolineaceae,,
D6,96,Bacteria,Chloroflexota,Anaerolineae,Anaerolineales,Anaerolineaceae,,
D6,69,Bacteria,Chloroflexota,Anaerolineae,Anaerolineales,Anaerolineaceae,,
D6,60,Bacteria,Chloroflexota,Anaerolineae,Anaerolineales,Anaerolineaceae,UBA6170,
D6,33,Bacteria,Chloroflexota,Anaerolineae,Anaerolineales,Anaerolineaceae,UBA8523,
D6,87,Bacteria,Chloroflexota,Anaerolineae,Anaerolineales,Anaerolineaceae,UBA8523,
D6,83,Bacteria,Chloroflexota,Anaerolineae,Anaerolineales,Anaerolineaceae,UBA5211,
D6,74,Bacteria,Chloroflexota,Anaerolineae,Anaerolineales,Anaerolineaceae,UBA5211,
D6,97,Bacteria,Chloroflexota,Anaerolineae,Anaerolineales,Anaerolineaceae,UBA4781,
D6,46,Bacteria,Chloroflexota,Anaerolineae,Anaerolineales,Anaerolineaceae,UBA4781,
D6,27,Bacteria,Chloroflexota,Anaerolineae,Anaerolineales,UBA6092,,
D6,43,Bacteria,Chloroflexota,Anaerolineae,Anaerolineales,UBA4823,RBG-16-57-11,
D6,56,Bacteria,Chloroflexota,Anaerolineae,Anaerolineales,UBA4823,,
D6,61,Bacteria,Chloroflexota,Anaerolineae,Anaerolineales,UBA4823,,
D6,45,Bacteria,Chloroflexota,Anaerolineae,Anaerolineales,UBA11579,UBA11579,
D6,99,Bacteria,Chloroflexota,Anaerolineae,Anaerolineales,UBA11579,UBA11579,
D6,98,Bacteria,Chloroflexota,Anaerolineae,SBR1031,UBA2029,,
D6,89,Bacteria,Chloroflexota,,,,,
D6,39,Bacteria,Patescibacteria,Microgenomatia,Shapirobacterales,UBA12405,,
D6,54,Bacteria,Patescibacteria,Microgenomatia,Shapirobacterales,Um-filter-40-11,,
D6,78,Bacteria,Patescibacteria,Microgenomatia,Shapirobacterales,Um-filter-40-11,,
D6,59,Bacteria,Patescibacteria,Microgenomatia,GWA2-44-7,Woesebacteraceae,GWC1-37-12b,
D6,57,Bacteria,Patescibacteria,Microgenomatia,GWA2-44-7,Woesebacteraceae,GWB1-39-10,
D6,63,Bacteria,Patescibacteria,Microgenomatia,GWA2-44-7,Woesebacteraceae,,
D6,50,Bacteria,Patescibacteria,Microgenomatia,Woykebacterales,,,
D6,44,Bacteria,Patescibacteria,WWE3,UBA101185,UBA10185,OXYD1-FULL-39-9,
D6,38,Bacteria,Patescibacteria,Paceibacteria,UBA6257,Jorgensenbacteraceae,GWA2-45-9,
D6,41,Bacteria,Patescibacteria,Paceibacteria,UBA6257,Jorgensenbacteraceae,,
D6,76,Bacteria,Patescibacteria,Paceibacteria,UBA9983,Campbellbacteraceae,UBA12079,
D6,47,Bacteria,Patescibacteria,ABY1,UBA10025,,,
D6,30,Bacteria,Eremiobacterota,,,,,
D6,81,Bacteria,Bipolaricaulota,Bipolaricaulia,Bipolaricaulales,Bipolaricaulaceae,Bipolaricaulis,
D6,8,Bacteria,Actinobacteriota,RBG-13-55-18,RBG-13-55-18,RBG-13-55-18,,
D6,22,Bacteria,Armatimonadota,,,,,
D6,100,Bacteria,Firmicutes_D,Dethiobacteria,DTU022,UBA8154,UBA9862,
D6,36,Bacteria,Firmicutes_D,Dethiobacteria,DTU022,UBA8154,UBA9862,
D6,34,Bacteria,Firmicutes_D,Dethiobacteria,DTU022,UBA8154,UBA9862,
D6,25,Bacteria,Firmicutes_D,Dethiobacteria,DTU022,DTU022,,
D6,7,Bacteria,Firmicutes,Bacilli,Acholeplasmatales,Acholeplasmataceae,UBA2284,
D6,24,Bacteria,Firmicutes,Alicyclobacillia,Tumebacillales,Effusibacillaceae,,
D6,82,Bacteria,Firmicutes_B,Thermincolia,Thermincolales,UBA2595,,
D6,49,Bacteria,Firmicutes_B,Desulfotomaculia,Desulfotomaculales,BRHc4a,,
D6,19,Bacteria,Firmicutes_B,Desulfotomaculia,Ammonifexales,Ammonificaceae,,
D6,80,Bacteria,Firmicutes_E,UBA3569,,,,
D6,71,Bacteria,Firmicutes_E,DTU015,UBA9673,UBA9673,,
D6,88,Bacteria,Firmicutes_E,DTU015,UBA9673,UBA9673,,
D6,51,Bacteria,Firmicutes_E,DTU015,UBA995,,,
D6,62,Bacteria,Firmicutes_E,DTU015,UBA8153,UBA8153,,
D6,77,Bacteria,Firmicutes_E,DTU015,UBA8153,,,
D6,23,Bacteria,Omnitrophota,koll11,GIF10,UBA6249,,
D6,26,Bacteria,Omnitrophota,koll11,GIF10,UBA6249,,
D6,5,Bacteria,UBA3054,UBA3054,,,,
D6,65,Bacteria,Elusimicrobiota,Elusimicrobia,Elusimicrobiales,UBA9959,UBA2231,
D6,42,Bacteria,Gemmatimonadota,GCA-2686955,,,,
D6,48,Bacteria,Zixibacteria,MSB-5A5,Zixibacteria-1,Zixibacteria-1,,
D6,28,Bacteria,Bacteroidota,Ignavibacteria,Ignavibacteriales,Melioribacteraceae,,
D6,86,Bacteria,Bacteroidota,Ignavibacteria,Ignavibacteriales,Melioribacteraceae,XYB12-FULL-38-5,
D6,10,Bacteria,Bacteroidota,Ignavibacteria,Ignavibacteriales,Melioribacteraceae,,
D6,3,Bacteria,Bacteroidota,Ignavibacteria,Ignavibacteriales,Melioribacteraceae,,
D6,29,Bacteria,Bacteroidota,Ignavibacteria,Ignavibacteriales,Melioribacteraceae,,
D6,2,Bacteria,Bacteroidota,Ignavibacteria,Ignavibacteriales,Ignavibacteriaceae,,
D6,35,Bacteria,Bacteroidota,Kapabacteria,Kapabacteriales,XYC2-FULL-35-21,,
D6,55,Bacteria,Bacteroidota,Bacteroidia,Bacteroidales,Prolixibacteraceae,,
D6,9,Bacteria,Bacteroidota,Bacteroidia,Bacteroidales,F082,UBA6192,
D6,4,Bacteria,OLB16,OLB16,,,,
D6,58,Bacteria,Planctomycetota,Phycisphaerae,UBA1845,,,
D6,73,Bacteria,Planctomycetota,Phycisphaerae,SG8-4,SG8-4,PLanc-01,
D6,1,Bacteria,Planctomycetota,,,,,
D6,14,Bacteria,Spirochaetota,Brevinematia,Brevinematales,GWF1-51-8,GWF1-51-8,
D6,32,Bacteria,Desulfobacterota,Desulfobulbia,Desulfobulbales,Desulfurivibrionaceae,,
D6,68,Bacteria,Desulfobacterota,Desulfobulbia,Desulfobulbales,Desulfobulbaceae,UBA10518,
D6,94,Bacteria,Desulfobacterota,Desulfobulbia,Desulfobulbales,Desulfobulbaceae,UBA10518,
D6,91,Bacteria,Desulfobacterota,Desulfobulbia,Desulfobulbales,Desulfobulbaceae,UBA10518,
D6,92,Bacteria,Desulfobacterota,Desulfovibrionia,Desulfovibrionales,Desulfovibrionaceae,,
D6,75,Bacteria,Desulfobacterota,Desulfovibrionia,Desulfovibrionales,Desulfovibrionaceae,,
D6,6,Bacteria,Desulfobacterota,Desulfobacteria,Desulfatiglanales,HGW-15,HGW-15,
D6,18,Bacteria,Desulfobacterota,Desulfobacteria,Desulfatiglanales,HGW-15,,
D6,40,Bacteria,Desulfobacterota,Desulfobacteria,Desulfatiglanales,CG2-30-51-40,CG2-30-51-40,
D6,12,Bacteria,Desulfobacterota,Desulfobacteria,Desulfobacterales,UBA2245,,
D6,20,Bacteria,Desulfobacterota,Desulfobacteria,Desulfobacterales,20-14-all-51-8,,
D6,93,Bacteria,Desulfobacterota,Desulfobacteria,Desulfobacterales,Desulfobacteraceae,Desulfobacula,
D6,67,Bacteria,Desulfobacterota,Desulfobacteria,Desulfobacterales,Desulfobacteraceae,Desulfobacula,
D6,21,Bacteria,Desulfobacterota,Desulfobacteria,Desulfobacterales,Desulfatibacillaceae,,
D6,79,Bacteria,Desulfobacterota,Desulfarculia,Desulfarculales,Desulfarculaceae,,
D6,95,Bacteria,Desulfobacterota,Desulfarculia,Desulfarculales,Desulfarculaceae,,
D6,84,Bacteria,Desulfobacterota,Desulfarculia,Desulfarculales,Desulfarculaceae,,
D6,13,Bacteria,Desulfobacterota,Desulfobaccia,Desulfobaccales,0-14-0-80-60-11,,
D6,17,Bacteria,Desulfobacterota,BSN033,BSN033,UBA1163,RBG-16-49-23,
D6,72,Bacteria,Desulfobacterota,BSN033,UBA8473,UBA8473,UBA8473,
D6,64,Bacteria,Desulfobacterota,JdFR-97,JdFR-97,JdFR-97,,
D6,90,Bacteria,Deferrisomatota,Deferrisomatia,Deferrisomatales,Deferrisomataceae,,
D6,52,Bacteria,Myxococcota,UBA1671,,,,
D6,53,Bacteria,Proteobacteria,Gammaproteobacteria,Betaproteobacteriales,Sulfuricellaceae,UBA2239,
SW,60,Bacteria,Proteobacteria,Gammaproteobacteria,UBA5335,UBA5335,UBA5335,GCA_002862435.1
SW,47,Bacteria,Proteobacteria,Alphaproteobacteria,Caedibacterales,Nucleicultricaceae,Nucleicultrix,Nucleicultrix amoebiphila
SW,92,Bacteria,Proteobacteria,Gammaproteobacteria,Betaproteobacteriales,Burkholderiaceae,Aquabacterium,Aquabacterium parvum
SW,81,Bacteria,Nitrospirota,Nitrospiria,Nitrospirales,Nitrospiraceae,UBA6488,GCA_002083555.1
SW,93,Bacteria,Proteobacteria,Alphaproteobacteria,Caedibacterales,Nucleicultricaceae,Nucleicultrix,Nucleicultrix amoebiphila
SW,23,Bacteria,Dependentiae,Babeliae,Babeliales,Vermiphilaceae,Vermiphilus,Vermiphilus pyriformis
SW,75,Bacteria,Chloroflexota,Anaerolineae,Anaerolineales,envOPS12,OLB14,
SW,34,Bacteria,Patescibacteria,Paceibacteria,UBA9983,Kaiserbacteraceae,GWA1-54-10,
SW,85,Bacteria,Actinobacteriota,Actinobacteria,Actinomycetales,Microbacteriaceae,UBA1487,
SW,12,Bacteria,Cyanobacteriota,Vampirovibrionia,Caenarcaniphilales,2-02-FULL-35-15,,
SW,4,Bacteria,Cyanobacteriota,Vampirovibrionia,Obscuribacterales,Obscuribacteraceae,Ga0077546,
SW,5,Bacteria,Cyanobacteriota,Vampirovibrionia,Obscuribacterales,Obscuribacteraceae,,
SW,68,Bacteria,Cyanobacteriota,Vampirovibrionia,Obscuribacterales,Obscuribacteraceae,,
SW,9,Bacteria,Cyanobacteriota,Vampirovibrionia,Obscuribacterales,Obscuribacteraceae,,
SW,20,Bacteria,Cyanobacteriota,Vampirovibrionia,Obscuribacterales,,,
SW,21,Bacteria,Cyanobacteriota,Vampirovibrionia,Obscuribacterales,,,
SW,88,Bacteria,Elusimicrobiota,Elusimicrobia,UBA1565,UBA9628,21-14-0-20-64-6,
SW,29,Bacteria,Bacteroidota,Kapabacteria,Kapabacteriales,Kapabacteriaceae,,
SW,8,Bacteria,Bacteroidota,Bacteroidia,NS11-12g,,,
SW,48,Bacteria,Bacteroidota,Bacteroidia,NS11-12g,UBA9320,,
SW,66,Bacteria,Bacteroidota,Bacteroidia,NS11-12g,,,
SW,35,Bacteria,Bacteroidota,Bacteroidia,AKYH767,2-12-FULL-35-15,2-12-FULL-35-15,
SW,52,Bacteria,Bacteroidota,Bacteroidia,AKYH767,2-12-FULL-35-15,,
SW,6,Bacteria,Bacteroidota,Bacteroidia,AKYH767,GCA-2737665,,
SW,77,Bacteria,Bacteroidota,Bacteroidia,Chitinophagales,Chitinophagaceae,UTBCD1,
SW,89,Bacteria,Bacteroidota,Bacteroidia,Chitinophagales,Chitinophagaceae,,
SW,43,Bacteria,Planctomycetota,Planctomycetes,Planctomycetales,Planctomycetaceae,,
SW,38,Bacteria,Planctomycetota,Planctomycetes,Planctomycetales,Planctomycetaceae,,
SW,64,Bacteria,Planctomycetota,Planctomycetes,Pirellulales,Thermoguttaceae,,
SW,62,Bacteria,Planctomycetota,Planctomycetes,Pirellulales,Pirellulaceae,,
SW,79,Bacteria,Planctomycetota,Planctomycetes,Pirellulales,UBA7805,,
SW,37,Bacteria,Planctomycetota,Planctomycetes,Gemmatales,Gemmataceae,,
SW,45,Bacteria,Planctomycetota,Phycisphaerae,Phycisphaerales,SM1A02,UBA11155,
SW,7,Bacteria,Verrucomicrobiota,Chlamydiia,Parachlamydiales,Ga0074140,,
SW,40,Bacteria,Verrucomicrobiota,Chlamydiia,Parachlamydiales,Ga0074140,,
SW,18,Bacteria,Verrucomicrobiota,Chlamydiia,Parachlamydiales,Parachlamydiaceae,,
SW,13,Bacteria,Verrucomicrobiota,Chlamydiia,Parachlamydiales,Parachlamydiaceae,,
SW,54,Bacteria,Verrucomicrobiota,Chlamydiia,Parachlamydiales,Parachlamydiaceae,,
SW,11,Bacteria,Verrucomicrobiota,Chlamydiia,Parachlamydiales,Parachlamydiaceae,,
SW,28,Bacteria,Verrucomicrobiota,Chlamydiia,Parachlamydiales,,,
SW,74,Bacteria,Verrucomicrobiota,Verrucomicrobiae,Opitutales,Opitutaceae,,
SW,70,Bacteria,Verrucomicrobiota,Verrucomicrobiae,Pedosphaerales,,,
SW,55,Bacteria,Dependentiae,Babeliae,Babeliales,Vermiphilaceae,,
SW,49,Bacteria,Dependentiae,Babeliae,Babeliales,Vermiphilaceae,,
SW,44,Bacteria,Dependentiae,Babeliae,Babeliales,Vermiphilaceae,,
SW,84,Bacteria,Dependentiae,Babeliae,Babeliales,Vermiphilaceae,,
SW,22,Bacteria,Dependentiae,Babeliae,Babeliales,,,
SW,56,Bacteria,Dependentiae,Babeliae,Babeliales,Babeliaceae,,
SW,71,Bacteria,Dependentiae,Babeliae,Babeliales,Babeliaceae,,
SW,41,Bacteria,Dependentiae,Babeliae,Babeliales,,,
SW,90,Bacteria,Acidobacteriota,Luteitaleia,,,,
SW,58,Bacteria,Acidobacteriota,Blastocatellia,Pyrinomonadales,Pyrinomonadaceae,OLB17,
SW,59,Bacteria,Dadabacteria,UBA1144,UBA2774,UBA2774,,
SW,36,Bacteria,Nitrospirota,Nitrospiria,Nitrospirales,Nitrospiraceae,UBA6488,
SW,30,Bacteria,Bdellovibrionota,Bacteriovoracia,UBA1018,UBA1018,,
SW,67,Bacteria,Bdellovibrionota,Bacteriovoracia,UBA1018,UBA1018,,
SW,82,Bacteria,Proteobacteria,Alphaproteobacteria,Rickettsiales,Rickettsiaceae,,
SW,87,Bacteria,Proteobacteria,Alphaproteobacteria,Rickettsiales,,,
SW,78,Bacteria,Proteobacteria,Alphaproteobacteria,Rickettsiales,,,
SW,16,Bacteria,Proteobacteria,Alphaproteobacteria,Rickettsiales,,,
SW,76,Bacteria,Proteobacteria,Alphaproteobacteria,Rickettsiales,UBA6177,,
SW,32,Bacteria,Proteobacteria,Alphaproteobacteria,,,,
SW,3,Bacteria,Proteobacteria,Alphaproteobacteria,,,,
SW,2,Bacteria,Proteobacteria,Alphaproteobacteria,,,,
SW,65,Bacteria,Proteobacteria,Alphaproteobacteria,SL26,SL26,UBA11222,
SW,50,Bacteria,Proteobacteria,Alphaproteobacteria,Rhizobiales,Hyphomicrobiaceae,,
SW,61,Bacteria,Proteobacteria,Alphaproteobacteria,Rhizobiales,Hyphomicrobiaceae,Hyphomicrobium,
SW,15,Bacteria,Proteobacteria,Alphaproteobacteria,Rhizobiales,Xanthobacteraceae,Ga0077548,
SW,91,Bacteria,Proteobacteria,Alphaproteobacteria,Sphingomonadales,Sphingomonadaceae,Rhizorhabdus,
SW,46,Bacteria,Proteobacteria,Alphaproteobacteria,Sphingomonadales,Sphingomonadaceae,Sphingobium,
SW,86,Bacteria,Proteobacteria,Alphaproteobacteria,Reyranellales,Reyranellaceae,Reyranella,
SW,69,Bacteria,Proteobacteria,Alphaproteobacteria,UBA9655,UBA9655,UBA9655,
SW,33,Bacteria,Proteobacteria,Alphaproteobacteria,UBA9655,UBA9655,,
SW,26,Bacteria,Proteobacteria,Gammaproteobacteria,Ga0077554,Ga007554,Ga0077554,
SW,24,Bacteria,Proteobacteria,Gammaproteobacteria,Betaproteobacteriales,SG8-41,Ga0077527,
SW,63,Bacteria,Proteobacteria,Gammaproteobacteria,Betaproteobacteriales,SG8-41,,
SW,1,Bacteria,Proteobacteria,Gammaproteobacteria,Betaproteobacteriales,Methylophilaceae,Methylotenera_A,
SW,57,Bacteria,Proteobacteria,Gammaproteobacteria,Betaproteobacteriales,Burkholderiaceae,Hylemonella,
SW,17,Bacteria,Proteobacteria,Gammaproteobacteria,Berkiellales,UBA6186,,
SW,19,Bacteria,Proteobacteria,Gammaproteobacteria,Berkiellales,Berkiellaceae,Berkiella,
SW,10,Bacteria,Proteobacteria,Gammaproteobacteria,Francisellales,,,
SW,14,Bacteria,Proteobacteria,Gammaproteobacteria,UBA1113,UBA1113,,
SW,25,Bacteria,Proteobacteria,Gammaproteobacteria,UBA1113,,,
SW,53,Bacteria,Proteobacteria,Gammaproteobacteria,UBA6002,UBA6002,UBA6002,
SW,42,Bacteria,Proteobacteria,Gammaproteobacteria,Legionellales,Legionellaceae,UBA11403,
SW,27,Bacteria,Proteobacteria,Gammaproteobacteria,Legionellales,Legionellaceae,,
SW,39,Bacteria,Proteobacteria,Gammaproteobacteria,Legionellales,Legionellaceae,Legionella,
SW,73,Bacteria,Proteobacteria,Gammaproteobacteria,Legionellales,Legionellaceae,Legionella,
SW,80,Bacteria,Proteobacteria,Gammaproteobacteria,Legionellales,Legionellaceae,Legionella,
SW,31,Bacteria,Proteobacteria,Gammaproteobacteria,Legionellales,Legionellaceae,Legionella_B,
SW,83,Bacteria,Proteobacteria,Gammaproteobacteria,Legionellales,,,
SW,72,Bacteria,Proteobacteria,Gammaproteobacteria,Pseudomonadales,Porticoccaceae,HB2-32-21,
SW,51,Bacteria,Proteobacteria,Gammaproteobacteria,Pseudomonadales,Porticoccaceae,,
WC,52,Bacteria,Bacteroidota,Bacteroidia,Flavobacteriales,Flavobacteriaceae,Flavobacterium,
WC,13,Bacteria,Patescibacteria,Microgenomatia,Levybacterales,UBA12049,,
WC,12,Bacteria,Patescibacteria,Berkelbacteria,,,,
WC,24,Bacteria,Patescibacteria,Paceibacteria,UBA9983,Nomurabacteraceae,2-01-FULL-33-17,
WC,22,Bacteria,Patescibacteria,Paceibacteria,UBA9983,UBA1006,,
WC,39,Bacteria,Patescibacteria,Paceibacteria,UBA9983,GCA-2401445,,
WC,40,Bacteria,Patescibacteria,Paceibacteria,UBA9983,GCA-2401445,,
WC,30,Bacteria,Patescibacteria,Paceibacteria,UBA9983,Zambryskibacteraceae,UBA910,
WC,57,Bacteria,Patescibacteria,Paceibacteria,UBA9983,Zambryskibacteraceae,,
WC,11,Bacteria,Patescibacteria,Paceibacteria,UBA9983,Zambryskibacteraceae,12-FULL-43-12b,
WC,38,Bacteria,Patescibacteria,Paceibacteria,UBA9983,Taylorbacteraceae,,
WC,43,Bacteria,Patescibacteria,Paceibacteria,UBA9983,Taylorbacteraceae,,
WC,28,Bacteria,Patescibacteria,Paceibacteria,UBA9983,Taylorbacteraceae,UBA6065,
WC,46,Bacteria,Patescibacteria,Paceibacteria,UBA9983,,,
WC,47,Bacteria,Patescibacteria,Paceibacteria,UBA9983,Kaiserbacteraceae,,
WC,32,Bacteria,Patescibacteria,Paceibacteria,UBA9983,Kaiserbacteraceae,1-14-0-10-45-20,
WC,14,Bacteria,Patescibacteria,Paceibacteria,UBA9983,Kaiserbacteraceae,,
WC,51,Bacteria,Patescibacteria,Paceibacteria,UBA9983,Kaiserbacteraceae,,
WC,23,Bacteria,Patescibacteria,Paceibacteria,UBA9983,Kaiserbacteraceae,UBA10103,
WC,15,Bacteria,Patescibacteria,Paceibacteria,UBA9983,Kaiserbacteraceae,UBA10103,
WC,36,Bacteria,Patescibacteria,Paceibacteria,UBA9983,Kaiserbacteraceae,2-01-FULL-51-21,
WC,26,Bacteria,Patescibacteria,ABY1,Uhrbacterales,UBA9934,UBA11707,
WC,7,Bacteria,Patescibacteria,Gracilibacteria,Peribacterales,Peribacteraceae,,
WC,37,Bacteria,Patescibacteria,Gracilibacteria,Peribacterales,Peribacteraceae,,
WC,25,Bacteria,Patescibacteria,Gracilibacteria,Peribacterales,Peribacteraceae,,
WC,2,Bacteria,Patescibacteria,Gracilibacteria,Peribacterales,Peribacteraceae,,
WC,21,Bacteria,Patescibacteria,Gracilibacteria,Peribacterales,Peribacteraceae,,
WC,19,Bacteria,Patescibacteria,Gracilibacteria,Peribacterales,Peribacteraceae,,
WC,53,Bacteria,Patescibacteria,Gracilibacteria,BD1-5,UBA6164,GCA-2747975,
WC,18,Bacteria,Actinobacteriota,Actinobacteria,Nanopelagicales,Nanopelagicaceae,Planktophila,
WC,50,Bacteria,Actinobacteriota,Actinobacteria,Nanopelagicales,Nanopelagicaceae,Planktophila,
WC,42,Bacteria,Actinobacteriota,Actinobacteria,Nanopelagicales,Nanopelagicaceae,Nanopelagicus,
WC,34,Bacteria,Actinobacteriota,Actinobacteria,Nanopelagicales,AcAMD-5,,
WC,41,Bacteria,Actinobacteriota,Actinobacteria,Actinomycetales,Microbacteriaceae,Rhodoluna,
WC,16,Bacteria,Cyanobacteriota,Cyanobacteriia,Cyanobacteriales,Chamaesiphonaceae,Chamaesiphon,
WC,1,Bacteria,Cyanobacteriota,Cyanobacteriia,Thermosynechococcales,Thermosynechococcaceae,,
WC,55,Bacteria,Omnitrophota,Omnitrophia,Omnitrophales,GWA2-52-8,,
WC,44,Bacteria,Omnitrophota,UBA9649,2-02-FULL-51-18,,,
WC,9,Bacteria,Omnitrophota,UBA9649,2-02-FULL-51-18,,,
WC,27,Bacteria,Omnitrophota,koll11,UBA10015,kpj58rc,,
WC,54,Bacteria,Bacteroidota,Bacteroidia,AKYH767-A,2013-40CM-41-45,,
WC,5,Bacteria,Bacteroidota,Bacteroidia,Sphingobacteriales,Solitaleaceae,,
WC,3,Bacteria,Bacteroidota,Bacteroidia,Chitinophagales,Chitinophagaceae,UBA10320,
WC,45,Bacteria,Bacteroidota,Bacteroidia,Chitinophagales,Chitinophagaceae,Sediminibacterium,
WC,60,Bacteria,Bacteroidota,Bacteroidia,Chitinophagales,Saprospiraceae,,
WC,20,Bacteria,Planctomycetota,UBA11346,UBA11346,UBA11346,,
WC,8,Bacteria,Verrucomicrobiota,Chlamydiia,Parachlamydiales,SM23-39,,
WC,33,Bacteria,Nitrospirota,Nitrospiria,Nitrospirales,Nitrospiraceae,Nitrospira,
WC,49,Bacteria,Proteobacteria,Alphaproteobacteria,Rickettsiales,Rickettsiaceae,GCA-2402195,
WC,35,Bacteria,Proteobacteria,Alphaproteobacteria,Rhizobiales,OSC116,,
WC,17,Bacteria,Proteobacteria,Alphaproteobacteria,Rhodobacterales,Rhodobacteraceae,Pseudorhodobacter_A,
WC,48,Bacteria,Proteobacteria,Alphaproteobacteria,Sphingomonadales,Sphingomonadaceae,Ga0077559,
WC,29,Bacteria,Proteobacteria,Gammaproteobacteria,Betaproteobacteriales,Methylophilaceae,Methylophilus,
WC,56,Bacteria,Proteobacteria,Gammaproteobacteria,Betaproteobacteriales,Burkholderiaceae,UBA2334,
WC,59,Bacteria,Proteobacteria,Gammaproteobacteria,Betaproteobacteriales,Burkholderiaceae,Brachymonas,
WC,58,Bacteria,Proteobacteria,Gammaproteobacteria,Betaproteobacteriales,Burkholderiaceae,Rhodoferax,
WC,4,Bacteria,Proteobacteria,Gammaproteobacteria,Betaproteobacteriales,Burkholderiaceae,Polaromonas,
WC,10,Bacteria,Proteobacteria,Gammaproteobacteria,Betaproteobacteriales,Burkholderiaceae,Polaromonas,
WC,6,Bacteria,Proteobacteria,Gammaproteobacteria,Betaproteobacteriales,Burkholderiaceae,Polynucleobacter,
WC,31,Bacteria,Proteobacteria,Gammaproteobacteria,Betaproteobacteriales,Burkholderiaceae,Polynucleobacter,
